fecha,id_movimiento,lote_id,tipo_movimiento,origen,centro_distribucion,destino,entradas_kg,salidas_kg,mermas_kg,existencia_inicial_cd_kg,existencia_actual_cd_kg,temperatura_origen_c,temperatura_cd_puebla_c,temperatura_destino_c,humedad_cd_pct,transito_dias,vida_util_estimada_dias,nivel_riesgo,observacion,accion_sugerida,fuente_dato
01/08/2026,MOV-0001,HASS-0801,Entrada,Veracruz,Puebla,Centro de distribucion Puebla,1668,0,0,1800,3468,30.6,31.9,30.3,69,1,5,Alto,Recepcion procedente de Veracruz; inspeccionar lote y temperatura. Exposicion termica o merma elevada en el centro de distribucion.,"Priorizar inspeccion del lote, despacho y revision de almacenamiento.","Escenario didactico; temperaturas ilustrativas, no registro AccuWeather verificado"
01/08/2026,MOV-0002,HASS-0801,Salida,Veracruz,Puebla,Ciudad de Mexico,0,466,0,3468,3002,30.6,31.9,30.3,69,1,5,Alto,Despacho desde Puebla hacia Ciudad de Mexico. Exposicion termica o merma elevada en el centro de distribucion.,"Priorizar inspeccion del lote, despacho y revision de almacenamiento.","Escenario didactico; temperaturas ilustrativas, no registro AccuWeather verificado"
01/08/2026,MOV-0003,HASS-0801,Salida,Veracruz,Puebla,Guadalajara,0,445,0,3002,2557,30.6,31.9,30.3,69,1,5,Alto,Despacho desde Puebla hacia Guadalajara. Exposicion termica o merma elevada en el centro de distribucion.,"Priorizar inspeccion del lote, despacho y revision de almacenamiento.","Escenario didactico; temperaturas ilustrativas, no registro AccuWeather verificado"
01/08/2026,MOV-0004,HASS-0801,Salida,Veracruz,Puebla,Monterrey,0,430,0,2557,2127,30.6,31.9,30.3,69,1,5,Alto,Despacho desde Puebla hacia Monterrey. Exposicion termica o merma elevada en el centro de distribucion.,"Priorizar inspeccion del lote, despacho y revision de almacenamiento.","Escenario didactico; temperaturas ilustrativas, no registro AccuWeather verificado"
01/08/2026,MOV-0005,HASS-0801,Merma,Veracruz,Puebla,Centro de distribucion Puebla,0,0,46,2127,2081,30.6,31.9,30.3,69,1,5,Alto,"Baja por dano, deterioro o vida util; documentar causa y lote. Exposicion termica o merma elevada en el centro de distribucion.","Priorizar inspeccion del lote, despacho y revision de almacenamiento.","Escenario didactico; temperaturas ilustrativas, no registro AccuWeather verificado"
03/08/2026,MOV-0006,HASS-0803,Entrada,Veracruz,Puebla,Centro de distribucion Puebla,1519,0,0,2081,3600,30.2,29.1,33.2,75,1,7,Alto,Recepcion procedente de Veracruz; inspeccionar lote y temperatura. Exposicion termica o merma elevada en el centro de distribucion.,"Priorizar inspeccion del lote, despacho y revision de almacenamiento.","Escenario didactico; temperaturas ilustrativas, no registro AccuWeather verificado"
03/08/2026,MOV-0007,HASS-0803,Salida,Veracruz,Puebla,Ciudad de Mexico,0,424,0,3600,3176,30.2,29.1,33.2,75,1,7,Alto,Despacho desde Puebla hacia Ciudad de Mexico. Exposicion termica o merma elevada en el centro de distribucion.,"Priorizar inspeccion del lote, despacho y revision de almacenamiento.","Escenario didactico; temperaturas ilustrativas, no registro AccuWeather verificado"
03/08/2026,MOV-0008,HASS-0803,Salida,Veracruz,Puebla,Guadalajara,0,363,0,3176,2813,30.2,29.1,33.2,75,1,7,Alto,Despacho desde Puebla hacia Guadalajara. Exposicion termica o merma elevada en el centro de distribucion.,"Priorizar inspeccion del lote, despacho y revision de almacenamiento.","Escenario didactico; temperaturas ilustrativas, no registro AccuWeather verificado"
03/08/2026,MOV-0009,HASS-0803,Salida,Veracruz,Puebla,Monterrey,0,542,0,2813,2271,30.2,29.1,33.2,75,1,7,Alto,Despacho desde Puebla hacia Monterrey. Exposicion termica o merma elevada en el centro de distribucion.,"Priorizar inspeccion del lote, despacho y revision de almacenamiento.","Escenario didactico; temperaturas ilustrativas, no registro AccuWeather verificado"
03/08/2026,MOV-0010,HASS-0803,Merma,Veracruz,Puebla,Centro de distribucion Puebla,0,0,113,2271,2158,30.2,29.1,33.2,75,1,7,Alto,"Baja por dano, deterioro o vida util; documentar causa y lote. Exposicion termica o merma elevada en el centro de distribucion.","Priorizar inspeccion del lote, despacho y revision de almacenamiento.","Escenario didactico; temperaturas ilustrativas, no registro AccuWeather verificado"
04/08/2026,MOV-0011,HASS-0804,Entrada,Veracruz,Puebla,Centro de distribucion Puebla,1577,0,0,2158,3735,33.8,32.6,29.2,76,1,5,Alto,Recepcion procedente de Veracruz; inspeccionar lote y temperatura. Exposicion termica o merma elevada en el centro de distribucion.,"Priorizar inspeccion del lote, despacho y revision de almacenamiento.","Escenario didactico; temperaturas ilustrativas, no registro AccuWeather verificado"
04/08/2026,MOV-0012,HASS-0804,Salida,Veracruz,Puebla,Ciudad de Mexico,0,463,0,3735,3272,33.8,32.6,29.2,76,1,5,Alto,Despacho desde Puebla hacia Ciudad de Mexico. Exposicion termica o merma elevada en el centro de distribucion.,"Priorizar inspeccion del lote, despacho y revision de almacenamiento.","Escenario didactico; temperaturas ilustrativas, no registro AccuWeather verificado"
04/08/2026,MOV-0013,HASS-0804,Salida,Veracruz,Puebla,Guadalajara,0,403,0,3272,2869,33.8,32.6,29.2,76,1,5,Alto,Despacho desde Puebla hacia Guadalajara. Exposicion termica o merma elevada en el centro de distribucion.,"Priorizar inspeccion del lote, despacho y revision de almacenamiento.","Escenario didactico; temperaturas ilustrativas, no registro AccuWeather verificado"
04/08/2026,MOV-0014,HASS-0804,Salida,Veracruz,Puebla,Monterrey,0,531,0,2869,2338,33.8,32.6,29.2,76,1,5,Alto,Despacho desde Puebla hacia Monterrey. Exposicion termica o merma elevada en el centro de distribucion.,"Priorizar inspeccion del lote, despacho y revision de almacenamiento.","Escenario didactico; temperaturas ilustrativas, no registro AccuWeather verificado"
04/08/2026,MOV-0015,HASS-0804,Merma,Veracruz,Puebla,Centro de distribucion Puebla,0,0,89,2338,2249,33.8,32.6,29.2,76,1,5,Alto,"Baja por dano, deterioro o vida util; documentar causa y lote. Exposicion termica o merma elevada en el centro de distribucion.","Priorizar inspeccion del lote, despacho y revision de almacenamiento.","Escenario didactico; temperaturas ilustrativas, no registro AccuWeather verificado"
05/08/2026,MOV-0016,HASS-0805,Entrada,Veracruz,Puebla,Centro de distribucion Puebla,1553,0,0,2249,3802,32.6,28.3,32.8,78,3,7,Medio,"Recepcion procedente de Veracruz; inspeccionar lote y temperatura. Vigilar temperatura, rotacion del inventario y vida util del lote.",Revisar el lote y dar seguimiento al despacho dentro de la vida util estimada.,"Escenario didactico; temperaturas ilustrativas, no registro AccuWeather verificado"
05/08/2026,MOV-0017,HASS-0805,Salida,Veracruz,Puebla,Ciudad de Mexico,0,448,0,3802,3354,32.6,28.3,32.8,78,3,7,Medio,"Despacho desde Puebla hacia Ciudad de Mexico. Vigilar temperatura, rotacion del inventario y vida util del lote.",Revisar el lote y dar seguimiento al despacho dentro de la vida util estimada.,"Escenario didactico; temperaturas ilustrativas, no registro AccuWeather verificado"
05/08/2026,MOV-0018,HASS-0805,Salida,Veracruz,Puebla,Guadalajara,0,451,0,3354,2903,32.6,28.3,32.8,78,3,7,Medio,"Despacho desde Puebla hacia Guadalajara. Vigilar temperatura, rotacion del inventario y vida util del lote.",Revisar el lote y dar seguimiento al despacho dentro de la vida util estimada.,"Escenario didactico; temperaturas ilustrativas, no registro AccuWeather verificado"
05/08/2026,MOV-0019,HASS-0805,Salida,Veracruz,Puebla,Monterrey,0,437,0,2903,2466,32.6,28.3,32.8,78,3,7,Medio,"Despacho desde Puebla hacia Monterrey. Vigilar temperatura, rotacion del inventario y vida util del lote.",Revisar el lote y dar seguimiento al despacho dentro de la vida util estimada.,"Escenario didactico; temperaturas ilustrativas, no registro AccuWeather verificado"
05/08/2026,MOV-0020,HASS-0805,Merma,Veracruz,Puebla,Centro de distribucion Puebla,0,0,83,2466,2383,32.6,28.3,32.8,78,3,7,Medio,"Baja por dano, deterioro o vida util; documentar causa y lote. Vigilar temperatura, rotacion del inventario y vida util del lote.",Revisar el lote y dar seguimiento al despacho dentro de la vida util estimada.,"Escenario didactico; temperaturas ilustrativas, no registro AccuWeather verificado"
06/08/2026,MOV-0021,HASS-0806,Entrada,Veracruz,Puebla,Centro de distribucion Puebla,1706,0,0,2383,4089,34,32.4,34.3,84,2,4,Alto,Recepcion procedente de Veracruz; inspeccionar lote y temperatura. Exposicion termica o merma elevada en el centro de distribucion.,"Priorizar inspeccion del lote, despacho y revision de almacenamiento.","Escenario didactico; temperaturas ilustrativas, no registro AccuWeather verificado"
06/08/2026,MOV-0022,HASS-0806,Salida,Veracruz,Puebla,Ciudad de Mexico,0,507,0,4089,3582,34,32.4,34.3,84,2,4,Alto,Despacho desde Puebla hacia Ciudad de Mexico. Exposicion termica o merma elevada en el centro de distribucion.,"Priorizar inspeccion del lote, despacho y revision de almacenamiento.","Escenario didactico; temperaturas ilustrativas, no registro AccuWeather verificado"
06/08/2026,MOV-0023,HASS-0806,Salida,Veracruz,Puebla,Guadalajara,0,429,0,3582,3153,34,32.4,34.3,84,2,4,Alto,Despacho desde Puebla hacia Guadalajara. Exposicion termica o merma elevada en el centro de distribucion.,"Priorizar inspeccion del lote, despacho y revision de almacenamiento.","Escenario didactico; temperaturas ilustrativas, no registro AccuWeather verificado"
06/08/2026,MOV-0024,HASS-0806,Salida,Veracruz,Puebla,Monterrey,0,455,0,3153,2698,34,32.4,34.3,84,2,4,Alto,Despacho desde Puebla hacia Monterrey. Exposicion termica o merma elevada en el centro de distribucion.,"Priorizar inspeccion del lote, despacho y revision de almacenamiento.","Escenario didactico; temperaturas ilustrativas, no registro AccuWeather verificado"
06/08/2026,MOV-0025,HASS-0806,Merma,Veracruz,Puebla,Centro de distribucion Puebla,0,0,53,2698,2645,34,32.4,34.3,84,2,4,Alto,"Baja por dano, deterioro o vida util; documentar causa y lote. Exposicion termica o merma elevada en el centro de distribucion.","Priorizar inspeccion del lote, despacho y revision de almacenamiento.","Escenario didactico; temperaturas ilustrativas, no registro AccuWeather verificado"
07/08/2026,MOV-0026,HASS-0807,Entrada,Veracruz,Puebla,Centro de distribucion Puebla,1797,0,0,2645,4442,34.5,31.5,29,62,3,6,Alto,Recepcion procedente de Veracruz; inspeccionar lote y temperatura. Exposicion termica o merma elevada en el centro de distribucion.,"Priorizar inspeccion del lote, despacho y revision de almacenamiento.","Escenario didactico; temperaturas ilustrativas, no registro AccuWeather verificado"
07/08/2026,MOV-0027,HASS-0807,Salida,Veracruz,Puebla,Ciudad de Mexico,0,426,0,4442,4016,34.5,31.5,29,62,3,6,Alto,Despacho desde Puebla hacia Ciudad de Mexico. Exposicion termica o merma elevada en el centro de distribucion.,"Priorizar inspeccion del lote, despacho y revision de almacenamiento.","Escenario didactico; temperaturas ilustrativas, no registro AccuWeather verificado"
07/08/2026,MOV-0028,HASS-0807,Salida,Veracruz,Puebla,Guadalajara,0,439,0,4016,3577,34.5,31.5,29,62,3,6,Alto,Despacho desde Puebla hacia Guadalajara. Exposicion termica o merma elevada en el centro de distribucion.,"Priorizar inspeccion del lote, despacho y revision de almacenamiento.","Escenario didactico; temperaturas ilustrativas, no registro AccuWeather verificado"
07/08/2026,MOV-0029,HASS-0807,Salida,Veracruz,Puebla,Monterrey,0,424,0,3577,3153,34.5,31.5,29,62,3,6,Alto,Despacho desde Puebla hacia Monterrey. Exposicion termica o merma elevada en el centro de distribucion.,"Priorizar inspeccion del lote, despacho y revision de almacenamiento.","Escenario didactico; temperaturas ilustrativas, no registro AccuWeather verificado"
07/08/2026,MOV-0030,HASS-0807,Merma,Veracruz,Puebla,Centro de distribucion Puebla,0,0,112,3153,3041,34.5,31.5,29,62,3,6,Alto,"Baja por dano, deterioro o vida util; documentar causa y lote. Exposicion termica o merma elevada en el centro de distribucion.","Priorizar inspeccion del lote, despacho y revision de almacenamiento.","Escenario didactico; temperaturas ilustrativas, no registro AccuWeather verificado"
08/08/2026,MOV-0031,HASS-0808,Entrada,Veracruz,Puebla,Centro de distribucion Puebla,1643,0,0,3041,4684,31.8,30.6,35.2,66,2,5,Alto,Recepcion procedente de Veracruz; inspeccionar lote y temperatura. Exposicion termica o merma elevada en el centro de distribucion.,"Priorizar inspeccion del lote, despacho y revision de almacenamiento.","Escenario didactico; temperaturas ilustrativas, no registro AccuWeather verificado"
08/08/2026,MOV-0032,HASS-0808,Salida,Veracruz,Puebla,Ciudad de Mexico,0,473,0,4684,4211,31.8,30.6,35.2,66,2,5,Alto,Despacho desde Puebla hacia Ciudad de Mexico. Exposicion termica o merma elevada en el centro de distribucion.,"Priorizar inspeccion del lote, despacho y revision de almacenamiento.","Escenario didactico; temperaturas ilustrativas, no registro AccuWeather verificado"
08/08/2026,MOV-0033,HASS-0808,Salida,Veracruz,Puebla,Guadalajara,0,470,0,4211,3741,31.8,30.6,35.2,66,2,5,Alto,Despacho desde Puebla hacia Guadalajara. Exposicion termica o merma elevada en el centro de distribucion.,"Priorizar inspeccion del lote, despacho y revision de almacenamiento.","Escenario didactico; temperaturas ilustrativas, no registro AccuWeather verificado"
08/08/2026,MOV-0034,HASS-0808,Salida,Veracruz,Puebla,Monterrey,0,519,0,3741,3222,31.8,30.6,35.2,66,2,5,Alto,Despacho desde Puebla hacia Monterrey. Exposicion termica o merma elevada en el centro de distribucion.,"Priorizar inspeccion del lote, despacho y revision de almacenamiento.","Escenario didactico; temperaturas ilustrativas, no registro AccuWeather verificado"
08/08/2026,MOV-0035,HASS-0808,Merma,Veracruz,Puebla,Centro de distribucion Puebla,0,0,69,3222,3153,31.8,30.6,35.2,66,2,5,Alto,"Baja por dano, deterioro o vida util; documentar causa y lote. Exposicion termica o merma elevada en el centro de distribucion.","Priorizar inspeccion del lote, despacho y revision de almacenamiento.","Escenario didactico; temperaturas ilustrativas, no registro AccuWeather verificado"
10/08/2026,MOV-0036,HASS-0810,Entrada,Veracruz,Puebla,Centro de distribucion Puebla,1553,0,0,3153,4706,30.2,28.3,30.1,87,2,8,Medio,"Recepcion procedente de Veracruz; inspeccionar lote y temperatura. Vigilar temperatura, rotacion del inventario y vida util del lote.",Revisar el lote y dar seguimiento al despacho dentro de la vida util estimada.,"Escenario didactico; temperaturas ilustrativas, no registro AccuWeather verificado"
10/08/2026,MOV-0037,HASS-0810,Salida,Veracruz,Puebla,Ciudad de Mexico,0,512,0,4706,4194,30.2,28.3,30.1,87,2,8,Medio,"Despacho desde Puebla hacia Ciudad de Mexico. Vigilar temperatura, rotacion del inventario y vida util del lote.",Revisar el lote y dar seguimiento al despacho dentro de la vida util estimada.,"Escenario didactico; temperaturas ilustrativas, no registro AccuWeather verificado"
10/08/2026,MOV-0038,HASS-0810,Salida,Veracruz,Puebla,Guadalajara,0,470,0,4194,3724,30.2,28.3,30.1,87,2,8,Medio,"Despacho desde Puebla hacia Guadalajara. Vigilar temperatura, rotacion del inventario y vida util del lote.",Revisar el lote y dar seguimiento al despacho dentro de la vida util estimada.,"Escenario didactico; temperaturas ilustrativas, no registro AccuWeather verificado"
10/08/2026,MOV-0039,HASS-0810,Salida,Veracruz,Puebla,Monterrey,0,530,0,3724,3194,30.2,28.3,30.1,87,2,8,Medio,"Despacho desde Puebla hacia Monterrey. Vigilar temperatura, rotacion del inventario y vida util del lote.",Revisar el lote y dar seguimiento al despacho dentro de la vida util estimada.,"Escenario didactico; temperaturas ilustrativas, no registro AccuWeather verificado"
10/08/2026,MOV-0040,HASS-0810,Merma,Veracruz,Puebla,Centro de distribucion Puebla,0,0,94,3194,3100,30.2,28.3,30.1,87,2,8,Medio,"Baja por dano, deterioro o vida util; documentar causa y lote. Vigilar temperatura, rotacion del inventario y vida util del lote.",Revisar el lote y dar seguimiento al despacho dentro de la vida util estimada.,"Escenario didactico; temperaturas ilustrativas, no registro AccuWeather verificado"
11/08/2026,MOV-0041,HASS-0811,Entrada,Veracruz,Puebla,Centro de distribucion Puebla,1775,0,0,3100,4875,34.2,31.1,34.4,62,3,5,Alto,Recepcion procedente de Veracruz; inspeccionar lote y temperatura. Exposicion termica o merma elevada en el centro de distribucion.,"Priorizar inspeccion del lote, despacho y revision de almacenamiento.","Escenario didactico; temperaturas ilustrativas, no registro AccuWeather verificado"
11/08/2026,MOV-0042,HASS-0811,Salida,Veracruz,Puebla,Ciudad de Mexico,0,449,0,4875,4426,34.2,31.1,34.4,62,3,5,Alto,Despacho desde Puebla hacia Ciudad de Mexico. Exposicion termica o merma elevada en el centro de distribucion.,"Priorizar inspeccion del lote, despacho y revision de almacenamiento.","Escenario didactico; temperaturas ilustrativas, no registro AccuWeather verificado"
11/08/2026,MOV-0043,HASS-0811,Salida,Veracruz,Puebla,Guadalajara,0,382,0,4426,4044,34.2,31.1,34.4,62,3,5,Alto,Despacho desde Puebla hacia Guadalajara. Exposicion termica o merma elevada en el centro de distribucion.,"Priorizar inspeccion del lote, despacho y revision de almacenamiento.","Escenario didactico; temperaturas ilustrativas, no registro AccuWeather verificado"
11/08/2026,MOV-0044,HASS-0811,Salida,Veracruz,Puebla,Monterrey,0,433,0,4044,3611,34.2,31.1,34.4,62,3,5,Alto,Despacho desde Puebla hacia Monterrey. Exposicion termica o merma elevada en el centro de distribucion.,"Priorizar inspeccion del lote, despacho y revision de almacenamiento.","Escenario didactico; temperaturas ilustrativas, no registro AccuWeather verificado"
11/08/2026,MOV-0045,HASS-0811,Merma,Veracruz,Puebla,Centro de distribucion Puebla,0,0,106,3611,3505,34.2,31.1,34.4,62,3,5,Alto,"Baja por dano, deterioro o vida util; documentar causa y lote. Exposicion termica o merma elevada en el centro de distribucion.","Priorizar inspeccion del lote, despacho y revision de almacenamiento.","Escenario didactico; temperaturas ilustrativas, no registro AccuWeather verificado"
12/08/2026,MOV-0046,HASS-0812,Entrada,Veracruz,Puebla,Centro de distribucion Puebla,1799,0,0,3505,5304,30.6,30.5,35.2,75,1,5,Alto,Recepcion procedente de Veracruz; inspeccionar lote y temperatura. Exposicion termica o merma elevada en el centro de distribucion.,"Priorizar inspeccion del lote, despacho y revision de almacenamiento.","Escenario didactico; temperaturas ilustrativas, no registro AccuWeather verificado"
12/08/2026,MOV-0047,HASS-0812,Salida,Veracruz,Puebla,Ciudad de Mexico,0,406,0,5304,4898,30.6,30.5,35.2,75,1,5,Alto,Despacho desde Puebla hacia Ciudad de Mexico. Exposicion termica o merma elevada en el centro de distribucion.,"Priorizar inspeccion del lote, despacho y revision de almacenamiento.","Escenario didactico; temperaturas ilustrativas, no registro AccuWeather verificado"
12/08/2026,MOV-0048,HASS-0812,Salida,Veracruz,Puebla,Guadalajara,0,321,0,4898,4577,30.6,30.5,35.2,75,1,5,Alto,Despacho desde Puebla hacia Guadalajara. Exposicion termica o merma elevada en el centro de distribucion.,"Priorizar inspeccion del lote, despacho y revision de almacenamiento.","Escenario didactico; temperaturas ilustrativas, no registro AccuWeather verificado"
12/08/2026,MOV-0049,HASS-0812,Salida,Veracruz,Puebla,Monterrey,0,500,0,4577,4077,30.6,30.5,35.2,75,1,5,Alto,Despacho desde Puebla hacia Monterrey. Exposicion termica o merma elevada en el centro de distribucion.,"Priorizar inspeccion del lote, despacho y revision de almacenamiento.","Escenario didactico; temperaturas ilustrativas, no registro AccuWeather verificado"
12/08/2026,MOV-0050,HASS-0812,Merma,Veracruz,Puebla,Centro de distribucion Puebla,0,0,99,4077,3978,30.6,30.5,35.2,75,1,5,Alto,"Baja por dano, deterioro o vida util; documentar causa y lote. Exposicion termica o merma elevada en el centro de distribucion.","Priorizar inspeccion del lote, despacho y revision de almacenamiento.","Escenario didactico; temperaturas ilustrativas, no registro AccuWeather verificado"
13/08/2026,MOV-0051,HASS-0813,Entrada,Veracruz,Puebla,Centro de distribucion Puebla,1597,0,0,3978,5575,33.5,32.2,30.6,85,1,5,Alto,Recepcion procedente de Veracruz; inspeccionar lote y temperatura. Exposicion termica o merma elevada en el centro de distribucion.,"Priorizar inspeccion del lote, despacho y revision de almacenamiento.","Escenario didactico; temperaturas ilustrativas, no registro AccuWeather verificado"
13/08/2026,MOV-0052,HASS-0813,Salida,Veracruz,Puebla,Ciudad de Mexico,0,391,0,5575,5184,33.5,32.2,30.6,85,1,5,Alto,Despacho desde Puebla hacia Ciudad de Mexico. Exposicion termica o merma elevada en el centro de distribucion.,"Priorizar inspeccion del lote, despacho y revision de almacenamiento.","Escenario didactico; temperaturas ilustrativas, no registro AccuWeather verificado"
13/08/2026,MOV-0053,HASS-0813,Salida,Veracruz,Puebla,Guadalajara,0,433,0,5184,4751,33.5,32.2,30.6,85,1,5,Alto,Despacho desde Puebla hacia Guadalajara. Exposicion termica o merma elevada en el centro de distribucion.,"Priorizar inspeccion del lote, despacho y revision de almacenamiento.","Escenario didactico; temperaturas ilustrativas, no registro AccuWeather verificado"
13/08/2026,MOV-0054,HASS-0813,Salida,Veracruz,Puebla,Monterrey,0,412,0,4751,4339,33.5,32.2,30.6,85,1,5,Alto,Despacho desde Puebla hacia Monterrey. Exposicion termica o merma elevada en el centro de distribucion.,"Priorizar inspeccion del lote, despacho y revision de almacenamiento.","Escenario didactico; temperaturas ilustrativas, no registro AccuWeather verificado"
13/08/2026,MOV-0055,HASS-0813,Merma,Veracruz,Puebla,Centro de distribucion Puebla,0,0,44,4339,4295,33.5,32.2,30.6,85,1,5,Alto,"Baja por dano, deterioro o vida util; documentar causa y lote. Exposicion termica o merma elevada en el centro de distribucion.","Priorizar inspeccion del lote, despacho y revision de almacenamiento.","Escenario didactico; temperaturas ilustrativas, no registro AccuWeather verificado"
14/08/2026,MOV-0056,HASS-0814,Entrada,Veracruz,Puebla,Centro de distribucion Puebla,1588,0,0,4295,5883,32.2,31.1,32.2,66,2,5,Alto,Recepcion procedente de Veracruz; inspeccionar lote y temperatura. Exposicion termica o merma elevada en el centro de distribucion.,"Priorizar inspeccion del lote, despacho y revision de almacenamiento.","Escenario didactico; temperaturas ilustrativas, no registro AccuWeather verificado"
14/08/2026,MOV-0057,HASS-0814,Salida,Veracruz,Puebla,Ciudad de Mexico,0,480,0,5883,5403,32.2,31.1,32.2,66,2,5,Alto,Despacho desde Puebla hacia Ciudad de Mexico. Exposicion termica o merma elevada en el centro de distribucion.,"Priorizar inspeccion del lote, despacho y revision de almacenamiento.","Escenario didactico; temperaturas ilustrativas, no registro AccuWeather verificado"
14/08/2026,MOV-0058,HASS-0814,Salida,Veracruz,Puebla,Guadalajara,0,323,0,5403,5080,32.2,31.1,32.2,66,2,5,Alto,Despacho desde Puebla hacia Guadalajara. Exposicion termica o merma elevada en el centro de distribucion.,"Priorizar inspeccion del lote, despacho y revision de almacenamiento.","Escenario didactico; temperaturas ilustrativas, no registro AccuWeather verificado"
14/08/2026,MOV-0059,HASS-0814,Salida,Veracruz,Puebla,Monterrey,0,536,0,5080,4544,32.2,31.1,32.2,66,2,5,Alto,Despacho desde Puebla hacia Monterrey. Exposicion termica o merma elevada en el centro de distribucion.,"Priorizar inspeccion del lote, despacho y revision de almacenamiento.","Escenario didactico; temperaturas ilustrativas, no registro AccuWeather verificado"
14/08/2026,MOV-0060,HASS-0814,Merma,Veracruz,Puebla,Centro de distribucion Puebla,0,0,98,4544,4446,32.2,31.1,32.2,66,2,5,Alto,"Baja por dano, deterioro o vida util; documentar causa y lote. Exposicion termica o merma elevada en el centro de distribucion.","Priorizar inspeccion del lote, despacho y revision de almacenamiento.","Escenario didactico; temperaturas ilustrativas, no registro AccuWeather verificado"
15/08/2026,MOV-0061,HASS-0815,Entrada,Veracruz,Puebla,Centro de distribucion Puebla,1572,0,0,4446,6018,31.4,29.5,31.4,65,2,7,Alto,Recepcion procedente de Veracruz; inspeccionar lote y temperatura. Exposicion termica o merma elevada en el centro de distribucion.,"Priorizar inspeccion del lote, despacho y revision de almacenamiento.","Escenario didactico; temperaturas ilustrativas, no registro AccuWeather verificado"
15/08/2026,MOV-0062,HASS-0815,Salida,Veracruz,Puebla,Ciudad de Mexico,0,509,0,6018,5509,31.4,29.5,31.4,65,2,7,Alto,Despacho desde Puebla hacia Ciudad de Mexico. Exposicion termica o merma elevada en el centro de distribucion.,"Priorizar inspeccion del lote, despacho y revision de almacenamiento.","Escenario didactico; temperaturas ilustrativas, no registro AccuWeather verificado"
15/08/2026,MOV-0063,HASS-0815,Salida,Veracruz,Puebla,Guadalajara,0,377,0,5509,5132,31.4,29.5,31.4,65,2,7,Alto,Despacho desde Puebla hacia Guadalajara. Exposicion termica o merma elevada en el centro de distribucion.,"Priorizar inspeccion del lote, despacho y revision de almacenamiento.","Escenario didactico; temperaturas ilustrativas, no registro AccuWeather verificado"
15/08/2026,MOV-0064,HASS-0815,Salida,Veracruz,Puebla,Monterrey,0,434,0,5132,4698,31.4,29.5,31.4,65,2,7,Alto,Despacho desde Puebla hacia Monterrey. Exposicion termica o merma elevada en el centro de distribucion.,"Priorizar inspeccion del lote, despacho y revision de almacenamiento.","Escenario didactico; temperaturas ilustrativas, no registro AccuWeather verificado"
15/08/2026,MOV-0065,HASS-0815,Merma,Veracruz,Puebla,Centro de distribucion Puebla,0,0,117,4698,4581,31.4,29.5,31.4,65,2,7,Alto,"Baja por dano, deterioro o vida util; documentar causa y lote. Exposicion termica o merma elevada en el centro de distribucion.","Priorizar inspeccion del lote, despacho y revision de almacenamiento.","Escenario didactico; temperaturas ilustrativas, no registro AccuWeather verificado"
17/08/2026,MOV-0066,HASS-0817,Entrada,Veracruz,Puebla,Centro de distribucion Puebla,1610,0,0,4581,6191,30.6,32.7,29.6,78,2,5,Alto,Recepcion procedente de Veracruz; inspeccionar lote y temperatura. Exposicion termica o merma elevada en el centro de distribucion.,"Priorizar inspeccion del lote, despacho y revision de almacenamiento.","Escenario didactico; temperaturas ilustrativas, no registro AccuWeather verificado"
17/08/2026,MOV-0067,HASS-0817,Salida,Veracruz,Puebla,Ciudad de Mexico,0,503,0,6191,5688,30.6,32.7,29.6,78,2,5,Alto,Despacho desde Puebla hacia Ciudad de Mexico. Exposicion termica o merma elevada en el centro de distribucion.,"Priorizar inspeccion del lote, despacho y revision de almacenamiento.","Escenario didactico; temperaturas ilustrativas, no registro AccuWeather verificado"
17/08/2026,MOV-0068,HASS-0817,Salida,Veracruz,Puebla,Guadalajara,0,354,0,5688,5334,30.6,32.7,29.6,78,2,5,Alto,Despacho desde Puebla hacia Guadalajara. Exposicion termica o merma elevada en el centro de distribucion.,"Priorizar inspeccion del lote, despacho y revision de almacenamiento.","Escenario didactico; temperaturas ilustrativas, no registro AccuWeather verificado"
17/08/2026,MOV-0069,HASS-0817,Salida,Veracruz,Puebla,Monterrey,0,486,0,5334,4848,30.6,32.7,29.6,78,2,5,Alto,Despacho desde Puebla hacia Monterrey. Exposicion termica o merma elevada en el centro de distribucion.,"Priorizar inspeccion del lote, despacho y revision de almacenamiento.","Escenario didactico; temperaturas ilustrativas, no registro AccuWeather verificado"
17/08/2026,MOV-0070,HASS-0817,Merma,Veracruz,Puebla,Centro de distribucion Puebla,0,0,120,4848,4728,30.6,32.7,29.6,78,2,5,Alto,"Baja por dano, deterioro o vida util; documentar causa y lote. Exposicion termica o merma elevada en el centro de distribucion.","Priorizar inspeccion del lote, despacho y revision de almacenamiento.","Escenario didactico; temperaturas ilustrativas, no registro AccuWeather verificado"
18/08/2026,MOV-0071,HASS-0818,Entrada,Veracruz,Puebla,Centro de distribucion Puebla,1771,0,0,4728,6499,33,28.7,34,71,2,6,Bajo,Recepcion procedente de Veracruz; inspeccionar lote y temperatura. Movimiento dentro del escenario operativo esperado.,"Mantener monitoreo y registrar entradas, salidas y existencias.","Escenario didactico; temperaturas ilustrativas, no registro AccuWeather verificado"
18/08/2026,MOV-0072,HASS-0818,Salida,Veracruz,Puebla,Ciudad de Mexico,0,463,0,6499,6036,33,28.7,34,71,2,6,Bajo,Despacho desde Puebla hacia Ciudad de Mexico. Movimiento dentro del escenario operativo esperado.,"Mantener monitoreo y registrar entradas, salidas y existencias.","Escenario didactico; temperaturas ilustrativas, no registro AccuWeather verificado"
18/08/2026,MOV-0073,HASS-0818,Salida,Veracruz,Puebla,Guadalajara,0,470,0,6036,5566,33,28.7,34,71,2,6,Bajo,Despacho desde Puebla hacia Guadalajara. Movimiento dentro del escenario operativo esperado.,"Mantener monitoreo y registrar entradas, salidas y existencias.","Escenario didactico; temperaturas ilustrativas, no registro AccuWeather verificado"
18/08/2026,MOV-0074,HASS-0818,Salida,Veracruz,Puebla,Monterrey,0,535,0,5566,5031,33,28.7,34,71,2,6,Bajo,Despacho desde Puebla hacia Monterrey. Movimiento dentro del escenario operativo esperado.,"Mantener monitoreo y registrar entradas, salidas y existencias.","Escenario didactico; temperaturas ilustrativas, no registro AccuWeather verificado"
18/08/2026,MOV-0075,HASS-0818,Merma,Veracruz,Puebla,Centro de distribucion Puebla,0,0,35,5031,4996,33,28.7,34,71,2,6,Bajo,"Baja por dano, deterioro o vida util; documentar causa y lote. Movimiento dentro del escenario operativo esperado.","Mantener monitoreo y registrar entradas, salidas y existencias.","Escenario didactico; temperaturas ilustrativas, no registro AccuWeather verificado"
19/08/2026,MOV-0076,HASS-0819,Entrada,Veracruz,Puebla,Centro de distribucion Puebla,1615,0,0,4996,6611,32,29.6,29.9,75,1,7,Medio,"Recepcion procedente de Veracruz; inspeccionar lote y temperatura. Vigilar temperatura, rotacion del inventario y vida util del lote.",Revisar el lote y dar seguimiento al despacho dentro de la vida util estimada.,"Escenario didactico; temperaturas ilustrativas, no registro AccuWeather verificado"
19/08/2026,MOV-0077,HASS-0819,Salida,Veracruz,Puebla,Ciudad de Mexico,0,507,0,6611,6104,32,29.6,29.9,75,1,7,Medio,"Despacho desde Puebla hacia Ciudad de Mexico. Vigilar temperatura, rotacion del inventario y vida util del lote.",Revisar el lote y dar seguimiento al despacho dentro de la vida util estimada.,"Escenario didactico; temperaturas ilustrativas, no registro AccuWeather verificado"
19/08/2026,MOV-0078,HASS-0819,Salida,Veracruz,Puebla,Guadalajara,0,414,0,6104,5690,32,29.6,29.9,75,1,7,Medio,"Despacho desde Puebla hacia Guadalajara. Vigilar temperatura, rotacion del inventario y vida util del lote.",Revisar el lote y dar seguimiento al despacho dentro de la vida util estimada.,"Escenario didactico; temperaturas ilustrativas, no registro AccuWeather verificado"
19/08/2026,MOV-0079,HASS-0819,Salida,Veracruz,Puebla,Monterrey,0,532,0,5690,5158,32,29.6,29.9,75,1,7,Medio,"Despacho desde Puebla hacia Monterrey. Vigilar temperatura, rotacion del inventario y vida util del lote.",Revisar el lote y dar seguimiento al despacho dentro de la vida util estimada.,"Escenario didactico; temperaturas ilustrativas, no registro AccuWeather verificado"
19/08/2026,MOV-0080,HASS-0819,Merma,Veracruz,Puebla,Centro de distribucion Puebla,0,0,60,5158,5098,32,29.6,29.9,75,1,7,Medio,"Baja por dano, deterioro o vida util; documentar causa y lote. Vigilar temperatura, rotacion del inventario y vida util del lote.",Revisar el lote y dar seguimiento al despacho dentro de la vida util estimada.,"Escenario didactico; temperaturas ilustrativas, no registro AccuWeather verificado"
20/08/2026,MOV-0081,HASS-0820,Entrada,Veracruz,Puebla,Centro de distribucion Puebla,1489,0,0,5098,6587,33,30.3,31,58,2,6,Alto,Recepcion procedente de Veracruz; inspeccionar lote y temperatura. Exposicion termica o merma elevada en el centro de distribucion.,"Priorizar inspeccion del lote, despacho y revision de almacenamiento.","Escenario didactico; temperaturas ilustrativas, no registro AccuWeather verificado"
20/08/2026,MOV-0082,HASS-0820,Salida,Veracruz,Puebla,Ciudad de Mexico,0,493,0,6587,6094,33,30.3,31,58,2,6,Alto,Despacho desde Puebla hacia Ciudad de Mexico. Exposicion termica o merma elevada en el centro de distribucion.,"Priorizar inspeccion del lote, despacho y revision de almacenamiento.","Escenario didactico; temperaturas ilustrativas, no registro AccuWeather verificado"
20/08/2026,MOV-0083,HASS-0820,Salida,Veracruz,Puebla,Guadalajara,0,394,0,6094,5700,33,30.3,31,58,2,6,Alto,Despacho desde Puebla hacia Guadalajara. Exposicion termica o merma elevada en el centro de distribucion.,"Priorizar inspeccion del lote, despacho y revision de almacenamiento.","Escenario didactico; temperaturas ilustrativas, no registro AccuWeather verificado"
20/08/2026,MOV-0084,HASS-0820,Salida,Veracruz,Puebla,Monterrey,0,541,0,5700,5159,33,30.3,31,58,2,6,Alto,Despacho desde Puebla hacia Monterrey. Exposicion termica o merma elevada en el centro de distribucion.,"Priorizar inspeccion del lote, despacho y revision de almacenamiento.","Escenario didactico; temperaturas ilustrativas, no registro AccuWeather verificado"
20/08/2026,MOV-0085,HASS-0820,Merma,Veracruz,Puebla,Centro de distribucion Puebla,0,0,113,5159,5046,33,30.3,31,58,2,6,Alto,"Baja por dano, deterioro o vida util; documentar causa y lote. Exposicion termica o merma elevada en el centro de distribucion.","Priorizar inspeccion del lote, despacho y revision de almacenamiento.","Escenario didactico; temperaturas ilustrativas, no registro AccuWeather verificado"
21/08/2026,MOV-0086,HASS-0821,Entrada,Veracruz,Puebla,Centro de distribucion Puebla,1543,0,0,5046,6589,32.5,31.4,34.3,66,3,5,Alto,Recepcion procedente de Veracruz; inspeccionar lote y temperatura. Exposicion termica o merma elevada en el centro de distribucion.,"Priorizar inspeccion del lote, despacho y revision de almacenamiento.","Escenario didactico; temperaturas ilustrativas, no registro AccuWeather verificado"
21/08/2026,MOV-0087,HASS-0821,Salida,Veracruz,Puebla,Ciudad de Mexico,0,392,0,6589,6197,32.5,31.4,34.3,66,3,5,Alto,Despacho desde Puebla hacia Ciudad de Mexico. Exposicion termica o merma elevada en el centro de distribucion.,"Priorizar inspeccion del lote, despacho y revision de almacenamiento.","Escenario didactico; temperaturas ilustrativas, no registro AccuWeather verificado"
21/08/2026,MOV-0088,HASS-0821,Salida,Veracruz,Puebla,Guadalajara,0,344,0,6197,5853,32.5,31.4,34.3,66,3,5,Alto,Despacho desde Puebla hacia Guadalajara. Exposicion termica o merma elevada en el centro de distribucion.,"Priorizar inspeccion del lote, despacho y revision de almacenamiento.","Escenario didactico; temperaturas ilustrativas, no registro AccuWeather verificado"
21/08/2026,MOV-0089,HASS-0821,Salida,Veracruz,Puebla,Monterrey,0,548,0,5853,5305,32.5,31.4,34.3,66,3,5,Alto,Despacho desde Puebla hacia Monterrey. Exposicion termica o merma elevada en el centro de distribucion.,"Priorizar inspeccion del lote, despacho y revision de almacenamiento.","Escenario didactico; temperaturas ilustrativas, no registro AccuWeather verificado"
21/08/2026,MOV-0090,HASS-0821,Merma,Veracruz,Puebla,Centro de distribucion Puebla,0,0,87,5305,5218,32.5,31.4,34.3,66,3,5,Alto,"Baja por dano, deterioro o vida util; documentar causa y lote. Exposicion termica o merma elevada en el centro de distribucion.","Priorizar inspeccion del lote, despacho y revision de almacenamiento.","Escenario didactico; temperaturas ilustrativas, no registro AccuWeather verificado"
22/08/2026,MOV-0091,HASS-0822,Entrada,Veracruz,Puebla,Centro de distribucion Puebla,1596,0,0,5218,6814,30.8,31.8,34.4,68,3,4,Alto,Recepcion procedente de Veracruz; inspeccionar lote y temperatura. Exposicion termica o merma elevada en el centro de distribucion.,"Priorizar inspeccion del lote, despacho y revision de almacenamiento.","Escenario didactico; temperaturas ilustrativas, no registro AccuWeather verificado"
22/08/2026,MOV-0092,HASS-0822,Salida,Veracruz,Puebla,Ciudad de Mexico,0,508,0,6814,6306,30.8,31.8,34.4,68,3,4,Alto,Despacho desde Puebla hacia Ciudad de Mexico. Exposicion termica o merma elevada en el centro de distribucion.,"Priorizar inspeccion del lote, despacho y revision de almacenamiento.","Escenario didactico; temperaturas ilustrativas, no registro AccuWeather verificado"
22/08/2026,MOV-0093,HASS-0822,Salida,Veracruz,Puebla,Guadalajara,0,448,0,6306,5858,30.8,31.8,34.4,68,3,4,Alto,Despacho desde Puebla hacia Guadalajara. Exposicion termica o merma elevada en el centro de distribucion.,"Priorizar inspeccion del lote, despacho y revision de almacenamiento.","Escenario didactico; temperaturas ilustrativas, no registro AccuWeather verificado"
22/08/2026,MOV-0094,HASS-0822,Salida,Veracruz,Puebla,Monterrey,0,540,0,5858,5318,30.8,31.8,34.4,68,3,4,Alto,Despacho desde Puebla hacia Monterrey. Exposicion termica o merma elevada en el centro de distribucion.,"Priorizar inspeccion del lote, despacho y revision de almacenamiento.","Escenario didactico; temperaturas ilustrativas, no registro AccuWeather verificado"
22/08/2026,MOV-0095,HASS-0822,Merma,Veracruz,Puebla,Centro de distribucion Puebla,0,0,88,5318,5230,30.8,31.8,34.4,68,3,4,Alto,"Baja por dano, deterioro o vida util; documentar causa y lote. Exposicion termica o merma elevada en el centro de distribucion.","Priorizar inspeccion del lote, despacho y revision de almacenamiento.","Escenario didactico; temperaturas ilustrativas, no registro AccuWeather verificado"
24/08/2026,MOV-0096,HASS-0824,Entrada,Veracruz,Puebla,Centro de distribucion Puebla,1655,0,0,5230,6885,33.3,32.3,29.5,84,3,6,Alto,Recepcion procedente de Veracruz; inspeccionar lote y temperatura. Exposicion termica o merma elevada en el centro de distribucion.,"Priorizar inspeccion del lote, despacho y revision de almacenamiento.","Escenario didactico; temperaturas ilustrativas, no registro AccuWeather verificado"
24/08/2026,MOV-0097,HASS-0824,Salida,Veracruz,Puebla,Ciudad de Mexico,0,441,0,6885,6444,33.3,32.3,29.5,84,3,6,Alto,Despacho desde Puebla hacia Ciudad de Mexico. Exposicion termica o merma elevada en el centro de distribucion.,"Priorizar inspeccion del lote, despacho y revision de almacenamiento.","Escenario didactico; temperaturas ilustrativas, no registro AccuWeather verificado"
24/08/2026,MOV-0098,HASS-0824,Salida,Veracruz,Puebla,Guadalajara,0,405,0,6444,6039,33.3,32.3,29.5,84,3,6,Alto,Despacho desde Puebla hacia Guadalajara. Exposicion termica o merma elevada en el centro de distribucion.,"Priorizar inspeccion del lote, despacho y revision de almacenamiento.","Escenario didactico; temperaturas ilustrativas, no registro AccuWeather verificado"
24/08/2026,MOV-0099,HASS-0824,Salida,Veracruz,Puebla,Monterrey,0,442,0,6039,5597,33.3,32.3,29.5,84,3,6,Alto,Despacho desde Puebla hacia Monterrey. Exposicion termica o merma elevada en el centro de distribucion.,"Priorizar inspeccion del lote, despacho y revision de almacenamiento.","Escenario didactico; temperaturas ilustrativas, no registro AccuWeather verificado"
24/08/2026,MOV-0100,HASS-0824,Merma,Veracruz,Puebla,Centro de distribucion Puebla,0,0,103,5597,5494,33.3,32.3,29.5,84,3,6,Alto,"Baja por dano, deterioro o vida util; documentar causa y lote. Exposicion termica o merma elevada en el centro de distribucion.","Priorizar inspeccion del lote, despacho y revision de almacenamiento.","Escenario didactico; temperaturas ilustrativas, no registro AccuWeather verificado"
25/08/2026,MOV-0101,HASS-0825,Entrada,Veracruz,Puebla,Centro de distribucion Puebla,1536,0,0,5494,7030,34.6,30,34.6,80,3,5,Alto,Recepcion procedente de Veracruz; inspeccionar lote y temperatura. Exposicion termica o merma elevada en el centro de distribucion.,"Priorizar inspeccion del lote, despacho y revision de almacenamiento.","Escenario didactico; temperaturas ilustrativas, no registro AccuWeather verificado"
25/08/2026,MOV-0102,HASS-0825,Salida,Veracruz,Puebla,Ciudad de Mexico,0,535,0,7030,6495,34.6,30,34.6,80,3,5,Alto,Despacho desde Puebla hacia Ciudad de Mexico. Exposicion termica o merma elevada en el centro de distribucion.,"Priorizar inspeccion del lote, despacho y revision de almacenamiento.","Escenario didactico; temperaturas ilustrativas, no registro AccuWeather verificado"
25/08/2026,MOV-0103,HASS-0825,Salida,Veracruz,Puebla,Guadalajara,0,466,0,6495,6029,34.6,30,34.6,80,3,5,Alto,Despacho desde Puebla hacia Guadalajara. Exposicion termica o merma elevada en el centro de distribucion.,"Priorizar inspeccion del lote, despacho y revision de almacenamiento.","Escenario didactico; temperaturas ilustrativas, no registro AccuWeather verificado"
25/08/2026,MOV-0104,HASS-0825,Salida,Veracruz,Puebla,Monterrey,0,511,0,6029,5518,34.6,30,34.6,80,3,5,Alto,Despacho desde Puebla hacia Monterrey. Exposicion termica o merma elevada en el centro de distribucion.,"Priorizar inspeccion del lote, despacho y revision de almacenamiento.","Escenario didactico; temperaturas ilustrativas, no registro AccuWeather verificado"
25/08/2026,MOV-0105,HASS-0825,Merma,Veracruz,Puebla,Centro de distribucion Puebla,0,0,113,5518,5405,34.6,30,34.6,80,3,5,Alto,"Baja por dano, deterioro o vida util; documentar causa y lote. Exposicion termica o merma elevada en el centro de distribucion.","Priorizar inspeccion del lote, despacho y revision de almacenamiento.","Escenario didactico; temperaturas ilustrativas, no registro AccuWeather verificado"
26/08/2026,MOV-0106,HASS-0826,Entrada,Veracruz,Puebla,Centro de distribucion Puebla,1495,0,0,5405,6900,33.7,31.3,33.4,77,1,5,Alto,Recepcion procedente de Veracruz; inspeccionar lote y temperatura. Exposicion termica o merma elevada en el centro de distribucion.,"Priorizar inspeccion del lote, despacho y revision de almacenamiento.","Escenario didactico; temperaturas ilustrativas, no registro AccuWeather verificado"
26/08/2026,MOV-0107,HASS-0826,Salida,Veracruz,Puebla,Ciudad de Mexico,0,472,0,6900,6428,33.7,31.3,33.4,77,1,5,Alto,Despacho desde Puebla hacia Ciudad de Mexico. Exposicion termica o merma elevada en el centro de distribucion.,"Priorizar inspeccion del lote, despacho y revision de almacenamiento.","Escenario didactico; temperaturas ilustrativas, no registro AccuWeather verificado"
26/08/2026,MOV-0108,HASS-0826,Salida,Veracruz,Puebla,Guadalajara,0,416,0,6428,6012,33.7,31.3,33.4,77,1,5,Alto,Despacho desde Puebla hacia Guadalajara. Exposicion termica o merma elevada en el centro de distribucion.,"Priorizar inspeccion del lote, despacho y revision de almacenamiento.","Escenario didactico; temperaturas ilustrativas, no registro AccuWeather verificado"
26/08/2026,MOV-0109,HASS-0826,Salida,Veracruz,Puebla,Monterrey,0,506,0,6012,5506,33.7,31.3,33.4,77,1,5,Alto,Despacho desde Puebla hacia Monterrey. Exposicion termica o merma elevada en el centro de distribucion.,"Priorizar inspeccion del lote, despacho y revision de almacenamiento.","Escenario didactico; temperaturas ilustrativas, no registro AccuWeather verificado"
26/08/2026,MOV-0110,HASS-0826,Merma,Veracruz,Puebla,Centro de distribucion Puebla,0,0,84,5506,5422,33.7,31.3,33.4,77,1,5,Alto,"Baja por dano, deterioro o vida util; documentar causa y lote. Exposicion termica o merma elevada en el centro de distribucion.","Priorizar inspeccion del lote, despacho y revision de almacenamiento.","Escenario didactico; temperaturas ilustrativas, no registro AccuWeather verificado"
27/08/2026,MOV-0111,HASS-0827,Entrada,Veracruz,Puebla,Centro de distribucion Puebla,1651,0,0,5422,7073,34.1,32.7,34.2,83,2,4,Alto,Recepcion procedente de Veracruz; inspeccionar lote y temperatura. Exposicion termica o merma elevada en el centro de distribucion.,"Priorizar inspeccion del lote, despacho y revision de almacenamiento.","Escenario didactico; temperaturas ilustrativas, no registro AccuWeather verificado"
27/08/2026,MOV-0112,HASS-0827,Salida,Veracruz,Puebla,Ciudad de Mexico,0,534,0,7073,6539,34.1,32.7,34.2,83,2,4,Alto,Despacho desde Puebla hacia Ciudad de Mexico. Exposicion termica o merma elevada en el centro de distribucion.,"Priorizar inspeccion del lote, despacho y revision de almacenamiento.","Escenario didactico; temperaturas ilustrativas, no registro AccuWeather verificado"
27/08/2026,MOV-0113,HASS-0827,Salida,Veracruz,Puebla,Guadalajara,0,344,0,6539,6195,34.1,32.7,34.2,83,2,4,Alto,Despacho desde Puebla hacia Guadalajara. Exposicion termica o merma elevada en el centro de distribucion.,"Priorizar inspeccion del lote, despacho y revision de almacenamiento.","Escenario didactico; temperaturas ilustrativas, no registro AccuWeather verificado"
27/08/2026,MOV-0114,HASS-0827,Salida,Veracruz,Puebla,Monterrey,0,527,0,6195,5668,34.1,32.7,34.2,83,2,4,Alto,Despacho desde Puebla hacia Monterrey. Exposicion termica o merma elevada en el centro de distribucion.,"Priorizar inspeccion del lote, despacho y revision de almacenamiento.","Escenario didactico; temperaturas ilustrativas, no registro AccuWeather verificado"
27/08/2026,MOV-0115,HASS-0827,Merma,Veracruz,Puebla,Centro de distribucion Puebla,0,0,76,5668,5592,34.1,32.7,34.2,83,2,4,Alto,"Baja por dano, deterioro o vida util; documentar causa y lote. Exposicion termica o merma elevada en el centro de distribucion.","Priorizar inspeccion del lote, despacho y revision de almacenamiento.","Escenario didactico; temperaturas ilustrativas, no registro AccuWeather verificado"
28/08/2026,MOV-0116,HASS-0828,Entrada,Veracruz,Puebla,Centro de distribucion Puebla,1696,0,0,5592,7288,32.8,28.8,28.9,67,2,8,Medio,"Recepcion procedente de Veracruz; inspeccionar lote y temperatura. Vigilar temperatura, rotacion del inventario y vida util del lote.",Revisar el lote y dar seguimiento al despacho dentro de la vida util estimada.,"Escenario didactico; temperaturas ilustrativas, no registro AccuWeather verificado"
28/08/2026,MOV-0117,HASS-0828,Salida,Veracruz,Puebla,Ciudad de Mexico,0,464,0,7288,6824,32.8,28.8,28.9,67,2,8,Medio,"Despacho desde Puebla hacia Ciudad de Mexico. Vigilar temperatura, rotacion del inventario y vida util del lote.",Revisar el lote y dar seguimiento al despacho dentro de la vida util estimada.,"Escenario didactico; temperaturas ilustrativas, no registro AccuWeather verificado"
28/08/2026,MOV-0118,HASS-0828,Salida,Veracruz,Puebla,Guadalajara,0,415,0,6824,6409,32.8,28.8,28.9,67,2,8,Medio,"Despacho desde Puebla hacia Guadalajara. Vigilar temperatura, rotacion del inventario y vida util del lote.",Revisar el lote y dar seguimiento al despacho dentro de la vida util estimada.,"Escenario didactico; temperaturas ilustrativas, no registro AccuWeather verificado"
28/08/2026,MOV-0119,HASS-0828,Salida,Veracruz,Puebla,Monterrey,0,459,0,6409,5950,32.8,28.8,28.9,67,2,8,Medio,"Despacho desde Puebla hacia Monterrey. Vigilar temperatura, rotacion del inventario y vida util del lote.",Revisar el lote y dar seguimiento al despacho dentro de la vida util estimada.,"Escenario didactico; temperaturas ilustrativas, no registro AccuWeather verificado"
28/08/2026,MOV-0120,HASS-0828,Merma,Veracruz,Puebla,Centro de distribucion Puebla,0,0,84,5950,5866,32.8,28.8,28.9,67,2,8,Medio,"Baja por dano, deterioro o vida util; documentar causa y lote. Vigilar temperatura, rotacion del inventario y vida util del lote.",Revisar el lote y dar seguimiento al despacho dentro de la vida util estimada.,"Escenario didactico; temperaturas ilustrativas, no registro AccuWeather verificado"
29/08/2026,MOV-0121,HASS-0829,Entrada,Veracruz,Puebla,Centro de distribucion Puebla,1599,0,0,5866,7465,31.4,30,30.1,59,3,7,Medio,"Recepcion procedente de Veracruz; inspeccionar lote y temperatura. Vigilar temperatura, rotacion del inventario y vida util del lote.",Revisar el lote y dar seguimiento al despacho dentro de la vida util estimada.,"Escenario didactico; temperaturas ilustrativas, no registro AccuWeather verificado"
29/08/2026,MOV-0122,HASS-0829,Salida,Veracruz,Puebla,Ciudad de Mexico,0,482,0,7465,6983,31.4,30,30.1,59,3,7,Medio,"Despacho desde Puebla hacia Ciudad de Mexico. Vigilar temperatura, rotacion del inventario y vida util del lote.",Revisar el lote y dar seguimiento al despacho dentro de la vida util estimada.,"Escenario didactico; temperaturas ilustrativas, no registro AccuWeather verificado"
29/08/2026,MOV-0123,HASS-0829,Salida,Veracruz,Puebla,Guadalajara,0,460,0,6983,6523,31.4,30,30.1,59,3,7,Medio,"Despacho desde Puebla hacia Guadalajara. Vigilar temperatura, rotacion del inventario y vida util del lote.",Revisar el lote y dar seguimiento al despacho dentro de la vida util estimada.,"Escenario didactico; temperaturas ilustrativas, no registro AccuWeather verificado"
29/08/2026,MOV-0124,HASS-0829,Salida,Veracruz,Puebla,Monterrey,0,416,0,6523,6107,31.4,30,30.1,59,3,7,Medio,"Despacho desde Puebla hacia Monterrey. Vigilar temperatura, rotacion del inventario y vida util del lote.",Revisar el lote y dar seguimiento al despacho dentro de la vida util estimada.,"Escenario didactico; temperaturas ilustrativas, no registro AccuWeather verificado"
29/08/2026,MOV-0125,HASS-0829,Merma,Veracruz,Puebla,Centro de distribucion Puebla,0,0,40,6107,6067,31.4,30,30.1,59,3,7,Medio,"Baja por dano, deterioro o vida util; documentar causa y lote. Vigilar temperatura, rotacion del inventario y vida util del lote.",Revisar el lote y dar seguimiento al despacho dentro de la vida util estimada.,"Escenario didactico; temperaturas ilustrativas, no registro AccuWeather verificado"
31/08/2026,MOV-0126,HASS-0831,Entrada,Veracruz,Puebla,Centro de distribucion Puebla,1714,0,0,6067,7781,32.3,32.1,34.7,74,3,4,Alto,Recepcion procedente de Veracruz; inspeccionar lote y temperatura. Exposicion termica o merma elevada en el centro de distribucion.,"Priorizar inspeccion del lote, despacho y revision de almacenamiento.","Escenario didactico; temperaturas ilustrativas, no registro AccuWeather verificado"
31/08/2026,MOV-0127,HASS-0831,Salida,Veracruz,Puebla,Ciudad de Mexico,0,535,0,7781,7246,32.3,32.1,34.7,74,3,4,Alto,Despacho desde Puebla hacia Ciudad de Mexico. Exposicion termica o merma elevada en el centro de distribucion.,"Priorizar inspeccion del lote, despacho y revision de almacenamiento.","Escenario didactico; temperaturas ilustrativas, no registro AccuWeather verificado"
31/08/2026,MOV-0128,HASS-0831,Salida,Veracruz,Puebla,Guadalajara,0,375,0,7246,6871,32.3,32.1,34.7,74,3,4,Alto,Despacho desde Puebla hacia Guadalajara. Exposicion termica o merma elevada en el centro de distribucion.,"Priorizar inspeccion del lote, despacho y revision de almacenamiento.","Escenario didactico; temperaturas ilustrativas, no registro AccuWeather verificado"
31/08/2026,MOV-0129,HASS-0831,Salida,Veracruz,Puebla,Monterrey,0,455,0,6871,6416,32.3,32.1,34.7,74,3,4,Alto,Despacho desde Puebla hacia Monterrey. Exposicion termica o merma elevada en el centro de distribucion.,"Priorizar inspeccion del lote, despacho y revision de almacenamiento.","Escenario didactico; temperaturas ilustrativas, no registro AccuWeather verificado"
31/08/2026,MOV-0130,HASS-0831,Merma,Veracruz,Puebla,Centro de distribucion Puebla,0,0,45,6416,6371,32.3,32.1,34.7,74,3,4,Alto,"Baja por dano, deterioro o vida util; documentar causa y lote. Exposicion termica o merma elevada en el centro de distribucion.","Priorizar inspeccion del lote, despacho y revision de almacenamiento.","Escenario didactico; temperaturas ilustrativas, no registro AccuWeather verificado"
01/09/2026,MOV-0131,HASS-0901,Entrada,Veracruz,Puebla,Centro de distribucion Puebla,1627,0,0,6371,7998,30.5,31.9,30.2,73,3,5,Alto,Recepcion procedente de Veracruz; inspeccionar lote y temperatura. Exposicion termica o merma elevada en el centro de distribucion.,"Priorizar inspeccion del lote, despacho y revision de almacenamiento.","Escenario didactico; temperaturas ilustrativas, no registro AccuWeather verificado"
01/09/2026,MOV-0132,HASS-0901,Salida,Veracruz,Puebla,Ciudad de Mexico,0,517,0,7998,7481,30.5,31.9,30.2,73,3,5,Alto,Despacho desde Puebla hacia Ciudad de Mexico. Exposicion termica o merma elevada en el centro de distribucion.,"Priorizar inspeccion del lote, despacho y revision de almacenamiento.","Escenario didactico; temperaturas ilustrativas, no registro AccuWeather verificado"
01/09/2026,MOV-0133,HASS-0901,Salida,Veracruz,Puebla,Guadalajara,0,458,0,7481,7023,30.5,31.9,30.2,73,3,5,Alto,Despacho desde Puebla hacia Guadalajara. Exposicion termica o merma elevada en el centro de distribucion.,"Priorizar inspeccion del lote, despacho y revision de almacenamiento.","Escenario didactico; temperaturas ilustrativas, no registro AccuWeather verificado"
01/09/2026,MOV-0134,HASS-0901,Salida,Veracruz,Puebla,Monterrey,0,480,0,7023,6543,30.5,31.9,30.2,73,3,5,Alto,Despacho desde Puebla hacia Monterrey. Exposicion termica o merma elevada en el centro de distribucion.,"Priorizar inspeccion del lote, despacho y revision de almacenamiento.","Escenario didactico; temperaturas ilustrativas, no registro AccuWeather verificado"
01/09/2026,MOV-0135,HASS-0901,Merma,Veracruz,Puebla,Centro de distribucion Puebla,0,0,58,6543,6485,30.5,31.9,30.2,73,3,5,Alto,"Baja por dano, deterioro o vida util; documentar causa y lote. Exposicion termica o merma elevada en el centro de distribucion.","Priorizar inspeccion del lote, despacho y revision de almacenamiento.","Escenario didactico; temperaturas ilustrativas, no registro AccuWeather verificado"
02/09/2026,MOV-0136,HASS-0902,Entrada,Veracruz,Puebla,Centro de distribucion Puebla,1780,0,0,6485,8265,32.3,30.2,29.4,79,2,7,Medio,"Recepcion procedente de Veracruz; inspeccionar lote y temperatura. Vigilar temperatura, rotacion del inventario y vida util del lote.",Revisar el lote y dar seguimiento al despacho dentro de la vida util estimada.,"Escenario didactico; temperaturas ilustrativas, no registro AccuWeather verificado"
02/09/2026,MOV-0137,HASS-0902,Salida,Veracruz,Puebla,Ciudad de Mexico,0,443,0,8265,7822,32.3,30.2,29.4,79,2,7,Medio,"Despacho desde Puebla hacia Ciudad de Mexico. Vigilar temperatura, rotacion del inventario y vida util del lote.",Revisar el lote y dar seguimiento al despacho dentro de la vida util estimada.,"Escenario didactico; temperaturas ilustrativas, no registro AccuWeather verificado"
02/09/2026,MOV-0138,HASS-0902,Salida,Veracruz,Puebla,Guadalajara,0,404,0,7822,7418,32.3,30.2,29.4,79,2,7,Medio,"Despacho desde Puebla hacia Guadalajara. Vigilar temperatura, rotacion del inventario y vida util del lote.",Revisar el lote y dar seguimiento al despacho dentro de la vida util estimada.,"Escenario didactico; temperaturas ilustrativas, no registro AccuWeather verificado"
02/09/2026,MOV-0139,HASS-0902,Salida,Veracruz,Puebla,Monterrey,0,507,0,7418,6911,32.3,30.2,29.4,79,2,7,Medio,"Despacho desde Puebla hacia Monterrey. Vigilar temperatura, rotacion del inventario y vida util del lote.",Revisar el lote y dar seguimiento al despacho dentro de la vida util estimada.,"Escenario didactico; temperaturas ilustrativas, no registro AccuWeather verificado"
02/09/2026,MOV-0140,HASS-0902,Merma,Veracruz,Puebla,Centro de distribucion Puebla,0,0,95,6911,6816,32.3,30.2,29.4,79,2,7,Medio,"Baja por dano, deterioro o vida util; documentar causa y lote. Vigilar temperatura, rotacion del inventario y vida util del lote.",Revisar el lote y dar seguimiento al despacho dentro de la vida util estimada.,"Escenario didactico; temperaturas ilustrativas, no registro AccuWeather verificado"
03/09/2026,MOV-0141,HASS-0903,Entrada,Veracruz,Puebla,Centro de distribucion Puebla,1709,0,0,6816,8525,29.4,31.3,29.2,86,1,6,Alto,Recepcion procedente de Veracruz; inspeccionar lote y temperatura. Exposicion termica o merma elevada en el centro de distribucion.,"Priorizar inspeccion del lote, despacho y revision de almacenamiento.","Escenario didactico; temperaturas ilustrativas, no registro AccuWeather verificado"
03/09/2026,MOV-0142,HASS-0903,Salida,Veracruz,Puebla,Ciudad de Mexico,0,536,0,8525,7989,29.4,31.3,29.2,86,1,6,Alto,Despacho desde Puebla hacia Ciudad de Mexico. Exposicion termica o merma elevada en el centro de distribucion.,"Priorizar inspeccion del lote, despacho y revision de almacenamiento.","Escenario didactico; temperaturas ilustrativas, no registro AccuWeather verificado"
03/09/2026,MOV-0143,HASS-0903,Salida,Veracruz,Puebla,Guadalajara,0,398,0,7989,7591,29.4,31.3,29.2,86,1,6,Alto,Despacho desde Puebla hacia Guadalajara. Exposicion termica o merma elevada en el centro de distribucion.,"Priorizar inspeccion del lote, despacho y revision de almacenamiento.","Escenario didactico; temperaturas ilustrativas, no registro AccuWeather verificado"
03/09/2026,MOV-0144,HASS-0903,Salida,Veracruz,Puebla,Monterrey,0,542,0,7591,7049,29.4,31.3,29.2,86,1,6,Alto,Despacho desde Puebla hacia Monterrey. Exposicion termica o merma elevada en el centro de distribucion.,"Priorizar inspeccion del lote, despacho y revision de almacenamiento.","Escenario didactico; temperaturas ilustrativas, no registro AccuWeather verificado"
03/09/2026,MOV-0145,HASS-0903,Merma,Veracruz,Puebla,Centro de distribucion Puebla,0,0,66,7049,6983,29.4,31.3,29.2,86,1,6,Alto,"Baja por dano, deterioro o vida util; documentar causa y lote. Exposicion termica o merma elevada en el centro de distribucion.","Priorizar inspeccion del lote, despacho y revision de almacenamiento.","Escenario didactico; temperaturas ilustrativas, no registro AccuWeather verificado"
04/09/2026,MOV-0146,HASS-0904,Entrada,Veracruz,Puebla,Centro de distribucion Puebla,1682,0,0,6983,8665,32.2,31.4,32.9,76,2,5,Alto,Recepcion procedente de Veracruz; inspeccionar lote y temperatura. Exposicion termica o merma elevada en el centro de distribucion.,"Priorizar inspeccion del lote, despacho y revision de almacenamiento.","Escenario didactico; temperaturas ilustrativas, no registro AccuWeather verificado"
04/09/2026,MOV-0147,HASS-0904,Salida,Veracruz,Puebla,Ciudad de Mexico,0,531,0,8665,8134,32.2,31.4,32.9,76,2,5,Alto,Despacho desde Puebla hacia Ciudad de Mexico. Exposicion termica o merma elevada en el centro de distribucion.,"Priorizar inspeccion del lote, despacho y revision de almacenamiento.","Escenario didactico; temperaturas ilustrativas, no registro AccuWeather verificado"
04/09/2026,MOV-0148,HASS-0904,Salida,Veracruz,Puebla,Guadalajara,0,362,0,8134,7772,32.2,31.4,32.9,76,2,5,Alto,Despacho desde Puebla hacia Guadalajara. Exposicion termica o merma elevada en el centro de distribucion.,"Priorizar inspeccion del lote, despacho y revision de almacenamiento.","Escenario didactico; temperaturas ilustrativas, no registro AccuWeather verificado"
04/09/2026,MOV-0149,HASS-0904,Salida,Veracruz,Puebla,Monterrey,0,461,0,7772,7311,32.2,31.4,32.9,76,2,5,Alto,Despacho desde Puebla hacia Monterrey. Exposicion termica o merma elevada en el centro de distribucion.,"Priorizar inspeccion del lote, despacho y revision de almacenamiento.","Escenario didactico; temperaturas ilustrativas, no registro AccuWeather verificado"
04/09/2026,MOV-0150,HASS-0904,Merma,Veracruz,Puebla,Centro de distribucion Puebla,0,0,115,7311,7196,32.2,31.4,32.9,76,2,5,Alto,"Baja por dano, deterioro o vida util; documentar causa y lote. Exposicion termica o merma elevada en el centro de distribucion.","Priorizar inspeccion del lote, despacho y revision de almacenamiento.","Escenario didactico; temperaturas ilustrativas, no registro AccuWeather verificado"
05/09/2026,MOV-0151,HASS-0905,Entrada,Veracruz,Puebla,Centro de distribucion Puebla,1777,0,0,7196,8973,32.6,31.6,32.9,76,1,4,Alto,Recepcion procedente de Veracruz; inspeccionar lote y temperatura. Exposicion termica o merma elevada en el centro de distribucion.,"Priorizar inspeccion del lote, despacho y revision de almacenamiento.","Escenario didactico; temperaturas ilustrativas, no registro AccuWeather verificado"
05/09/2026,MOV-0152,HASS-0905,Salida,Veracruz,Puebla,Ciudad de Mexico,0,446,0,8973,8527,32.6,31.6,32.9,76,1,4,Alto,Despacho desde Puebla hacia Ciudad de Mexico. Exposicion termica o merma elevada en el centro de distribucion.,"Priorizar inspeccion del lote, despacho y revision de almacenamiento.","Escenario didactico; temperaturas ilustrativas, no registro AccuWeather verificado"
05/09/2026,MOV-0153,HASS-0905,Salida,Veracruz,Puebla,Guadalajara,0,363,0,8527,8164,32.6,31.6,32.9,76,1,4,Alto,Despacho desde Puebla hacia Guadalajara. Exposicion termica o merma elevada en el centro de distribucion.,"Priorizar inspeccion del lote, despacho y revision de almacenamiento.","Escenario didactico; temperaturas ilustrativas, no registro AccuWeather verificado"
05/09/2026,MOV-0154,HASS-0905,Salida,Veracruz,Puebla,Monterrey,0,555,0,8164,7609,32.6,31.6,32.9,76,1,4,Alto,Despacho desde Puebla hacia Monterrey. Exposicion termica o merma elevada en el centro de distribucion.,"Priorizar inspeccion del lote, despacho y revision de almacenamiento.","Escenario didactico; temperaturas ilustrativas, no registro AccuWeather verificado"
05/09/2026,MOV-0155,HASS-0905,Merma,Veracruz,Puebla,Centro de distribucion Puebla,0,0,45,7609,7564,32.6,31.6,32.9,76,1,4,Alto,"Baja por dano, deterioro o vida util; documentar causa y lote. Exposicion termica o merma elevada en el centro de distribucion.","Priorizar inspeccion del lote, despacho y revision de almacenamiento.","Escenario didactico; temperaturas ilustrativas, no registro AccuWeather verificado"
07/09/2026,MOV-0156,HASS-0907,Entrada,Veracruz,Puebla,Centro de distribucion Puebla,1763,0,0,7564,9327,32.6,29.5,33,76,1,7,Alto,Recepcion procedente de Veracruz; inspeccionar lote y temperatura. Exposicion termica o merma elevada en el centro de distribucion.,"Priorizar inspeccion del lote, despacho y revision de almacenamiento.","Escenario didactico; temperaturas ilustrativas, no registro AccuWeather verificado"
07/09/2026,MOV-0157,HASS-0907,Salida,Veracruz,Puebla,Ciudad de Mexico,0,415,0,9327,8912,32.6,29.5,33,76,1,7,Alto,Despacho desde Puebla hacia Ciudad de Mexico. Exposicion termica o merma elevada en el centro de distribucion.,"Priorizar inspeccion del lote, despacho y revision de almacenamiento.","Escenario didactico; temperaturas ilustrativas, no registro AccuWeather verificado"
07/09/2026,MOV-0158,HASS-0907,Salida,Veracruz,Puebla,Guadalajara,0,415,0,8912,8497,32.6,29.5,33,76,1,7,Alto,Despacho desde Puebla hacia Guadalajara. Exposicion termica o merma elevada en el centro de distribucion.,"Priorizar inspeccion del lote, despacho y revision de almacenamiento.","Escenario didactico; temperaturas ilustrativas, no registro AccuWeather verificado"
07/09/2026,MOV-0159,HASS-0907,Salida,Veracruz,Puebla,Monterrey,0,472,0,8497,8025,32.6,29.5,33,76,1,7,Alto,Despacho desde Puebla hacia Monterrey. Exposicion termica o merma elevada en el centro de distribucion.,"Priorizar inspeccion del lote, despacho y revision de almacenamiento.","Escenario didactico; temperaturas ilustrativas, no registro AccuWeather verificado"
07/09/2026,MOV-0160,HASS-0907,Merma,Veracruz,Puebla,Centro de distribucion Puebla,0,0,103,8025,7922,32.6,29.5,33,76,1,7,Alto,"Baja por dano, deterioro o vida util; documentar causa y lote. Exposicion termica o merma elevada en el centro de distribucion.","Priorizar inspeccion del lote, despacho y revision de almacenamiento.","Escenario didactico; temperaturas ilustrativas, no registro AccuWeather verificado"
08/09/2026,MOV-0161,HASS-0908,Entrada,Veracruz,Puebla,Centro de distribucion Puebla,1663,0,0,7922,9585,30.2,27.4,29.9,63,2,9,Alto,Recepcion procedente de Veracruz; inspeccionar lote y temperatura. Exposicion termica o merma elevada en el centro de distribucion.,"Priorizar inspeccion del lote, despacho y revision de almacenamiento.","Escenario didactico; temperaturas ilustrativas, no registro AccuWeather verificado"
08/09/2026,MOV-0162,HASS-0908,Salida,Veracruz,Puebla,Ciudad de Mexico,0,483,0,9585,9102,30.2,27.4,29.9,63,2,9,Alto,Despacho desde Puebla hacia Ciudad de Mexico. Exposicion termica o merma elevada en el centro de distribucion.,"Priorizar inspeccion del lote, despacho y revision de almacenamiento.","Escenario didactico; temperaturas ilustrativas, no registro AccuWeather verificado"
08/09/2026,MOV-0163,HASS-0908,Salida,Veracruz,Puebla,Guadalajara,0,446,0,9102,8656,30.2,27.4,29.9,63,2,9,Alto,Despacho desde Puebla hacia Guadalajara. Exposicion termica o merma elevada en el centro de distribucion.,"Priorizar inspeccion del lote, despacho y revision de almacenamiento.","Escenario didactico; temperaturas ilustrativas, no registro AccuWeather verificado"
08/09/2026,MOV-0164,HASS-0908,Salida,Veracruz,Puebla,Monterrey,0,510,0,8656,8146,30.2,27.4,29.9,63,2,9,Alto,Despacho desde Puebla hacia Monterrey. Exposicion termica o merma elevada en el centro de distribucion.,"Priorizar inspeccion del lote, despacho y revision de almacenamiento.","Escenario didactico; temperaturas ilustrativas, no registro AccuWeather verificado"
08/09/2026,MOV-0165,HASS-0908,Merma,Veracruz,Puebla,Centro de distribucion Puebla,0,0,106,8146,8040,30.2,27.4,29.9,63,2,9,Alto,"Baja por dano, deterioro o vida util; documentar causa y lote. Exposicion termica o merma elevada en el centro de distribucion.","Priorizar inspeccion del lote, despacho y revision de almacenamiento.","Escenario didactico; temperaturas ilustrativas, no registro AccuWeather verificado"
09/09/2026,MOV-0166,HASS-0909,Entrada,Veracruz,Puebla,Centro de distribucion Puebla,1627,0,0,8040,9667,33,27.8,31.5,69,1,8,Medio,"Recepcion procedente de Veracruz; inspeccionar lote y temperatura. Vigilar temperatura, rotacion del inventario y vida util del lote.",Revisar el lote y dar seguimiento al despacho dentro de la vida util estimada.,"Escenario didactico; temperaturas ilustrativas, no registro AccuWeather verificado"
09/09/2026,MOV-0167,HASS-0909,Salida,Veracruz,Puebla,Ciudad de Mexico,0,519,0,9667,9148,33,27.8,31.5,69,1,8,Medio,"Despacho desde Puebla hacia Ciudad de Mexico. Vigilar temperatura, rotacion del inventario y vida util del lote.",Revisar el lote y dar seguimiento al despacho dentro de la vida util estimada.,"Escenario didactico; temperaturas ilustrativas, no registro AccuWeather verificado"
09/09/2026,MOV-0168,HASS-0909,Salida,Veracruz,Puebla,Guadalajara,0,427,0,9148,8721,33,27.8,31.5,69,1,8,Medio,"Despacho desde Puebla hacia Guadalajara. Vigilar temperatura, rotacion del inventario y vida util del lote.",Revisar el lote y dar seguimiento al despacho dentro de la vida util estimada.,"Escenario didactico; temperaturas ilustrativas, no registro AccuWeather verificado"
09/09/2026,MOV-0169,HASS-0909,Salida,Veracruz,Puebla,Monterrey,0,532,0,8721,8189,33,27.8,31.5,69,1,8,Medio,"Despacho desde Puebla hacia Monterrey. Vigilar temperatura, rotacion del inventario y vida util del lote.",Revisar el lote y dar seguimiento al despacho dentro de la vida util estimada.,"Escenario didactico; temperaturas ilustrativas, no registro AccuWeather verificado"
09/09/2026,MOV-0170,HASS-0909,Merma,Veracruz,Puebla,Centro de distribucion Puebla,0,0,78,8189,8111,33,27.8,31.5,69,1,8,Medio,"Baja por dano, deterioro o vida util; documentar causa y lote. Vigilar temperatura, rotacion del inventario y vida util del lote.",Revisar el lote y dar seguimiento al despacho dentro de la vida util estimada.,"Escenario didactico; temperaturas ilustrativas, no registro AccuWeather verificado"
10/09/2026,MOV-0171,HASS-0910,Entrada,Veracruz,Puebla,Centro de distribucion Puebla,1599,0,0,8111,9710,30.9,28,28.9,64,2,8,Bajo,Recepcion procedente de Veracruz; inspeccionar lote y temperatura. Movimiento dentro del escenario operativo esperado.,"Mantener monitoreo y registrar entradas, salidas y existencias.","Escenario didactico; temperaturas ilustrativas, no registro AccuWeather verificado"
10/09/2026,MOV-0172,HASS-0910,Salida,Veracruz,Puebla,Ciudad de Mexico,0,527,0,9710,9183,30.9,28,28.9,64,2,8,Bajo,Despacho desde Puebla hacia Ciudad de Mexico. Movimiento dentro del escenario operativo esperado.,"Mantener monitoreo y registrar entradas, salidas y existencias.","Escenario didactico; temperaturas ilustrativas, no registro AccuWeather verificado"
10/09/2026,MOV-0173,HASS-0910,Salida,Veracruz,Puebla,Guadalajara,0,338,0,9183,8845,30.9,28,28.9,64,2,8,Bajo,Despacho desde Puebla hacia Guadalajara. Movimiento dentro del escenario operativo esperado.,"Mantener monitoreo y registrar entradas, salidas y existencias.","Escenario didactico; temperaturas ilustrativas, no registro AccuWeather verificado"
10/09/2026,MOV-0174,HASS-0910,Salida,Veracruz,Puebla,Monterrey,0,518,0,8845,8327,30.9,28,28.9,64,2,8,Bajo,Despacho desde Puebla hacia Monterrey. Movimiento dentro del escenario operativo esperado.,"Mantener monitoreo y registrar entradas, salidas y existencias.","Escenario didactico; temperaturas ilustrativas, no registro AccuWeather verificado"
10/09/2026,MOV-0175,HASS-0910,Merma,Veracruz,Puebla,Centro de distribucion Puebla,0,0,44,8327,8283,30.9,28,28.9,64,2,8,Bajo,"Baja por dano, deterioro o vida util; documentar causa y lote. Movimiento dentro del escenario operativo esperado.","Mantener monitoreo y registrar entradas, salidas y existencias.","Escenario didactico; temperaturas ilustrativas, no registro AccuWeather verificado"
11/09/2026,MOV-0176,HASS-0911,Entrada,Veracruz,Puebla,Centro de distribucion Puebla,1547,0,0,8283,9830,33.3,31.8,31.3,62,3,5,Alto,Recepcion procedente de Veracruz; inspeccionar lote y temperatura. Exposicion termica o merma elevada en el centro de distribucion.,"Priorizar inspeccion del lote, despacho y revision de almacenamiento.","Escenario didactico; temperaturas ilustrativas, no registro AccuWeather verificado"
11/09/2026,MOV-0177,HASS-0911,Salida,Veracruz,Puebla,Ciudad de Mexico,0,516,0,9830,9314,33.3,31.8,31.3,62,3,5,Alto,Despacho desde Puebla hacia Ciudad de Mexico. Exposicion termica o merma elevada en el centro de distribucion.,"Priorizar inspeccion del lote, despacho y revision de almacenamiento.","Escenario didactico; temperaturas ilustrativas, no registro AccuWeather verificado"
11/09/2026,MOV-0178,HASS-0911,Salida,Veracruz,Puebla,Guadalajara,0,443,0,9314,8871,33.3,31.8,31.3,62,3,5,Alto,Despacho desde Puebla hacia Guadalajara. Exposicion termica o merma elevada en el centro de distribucion.,"Priorizar inspeccion del lote, despacho y revision de almacenamiento.","Escenario didactico; temperaturas ilustrativas, no registro AccuWeather verificado"
11/09/2026,MOV-0179,HASS-0911,Salida,Veracruz,Puebla,Monterrey,0,497,0,8871,8374,33.3,31.8,31.3,62,3,5,Alto,Despacho desde Puebla hacia Monterrey. Exposicion termica o merma elevada en el centro de distribucion.,"Priorizar inspeccion del lote, despacho y revision de almacenamiento.","Escenario didactico; temperaturas ilustrativas, no registro AccuWeather verificado"
11/09/2026,MOV-0180,HASS-0911,Merma,Veracruz,Puebla,Centro de distribucion Puebla,0,0,104,8374,8270,33.3,31.8,31.3,62,3,5,Alto,"Baja por dano, deterioro o vida util; documentar causa y lote. Exposicion termica o merma elevada en el centro de distribucion.","Priorizar inspeccion del lote, despacho y revision de almacenamiento.","Escenario didactico; temperaturas ilustrativas, no registro AccuWeather verificado"
12/09/2026,MOV-0181,HASS-0912,Entrada,Veracruz,Puebla,Centro de distribucion Puebla,1795,0,0,8270,10065,29.4,28.4,30.3,74,2,8,Medio,"Recepcion procedente de Veracruz; inspeccionar lote y temperatura. Vigilar temperatura, rotacion del inventario y vida util del lote.",Revisar el lote y dar seguimiento al despacho dentro de la vida util estimada.,"Escenario didactico; temperaturas ilustrativas, no registro AccuWeather verificado"
12/09/2026,MOV-0182,HASS-0912,Salida,Veracruz,Puebla,Ciudad de Mexico,0,500,0,10065,9565,29.4,28.4,30.3,74,2,8,Medio,"Despacho desde Puebla hacia Ciudad de Mexico. Vigilar temperatura, rotacion del inventario y vida util del lote.",Revisar el lote y dar seguimiento al despacho dentro de la vida util estimada.,"Escenario didactico; temperaturas ilustrativas, no registro AccuWeather verificado"
12/09/2026,MOV-0183,HASS-0912,Salida,Veracruz,Puebla,Guadalajara,0,380,0,9565,9185,29.4,28.4,30.3,74,2,8,Medio,"Despacho desde Puebla hacia Guadalajara. Vigilar temperatura, rotacion del inventario y vida util del lote.",Revisar el lote y dar seguimiento al despacho dentro de la vida util estimada.,"Escenario didactico; temperaturas ilustrativas, no registro AccuWeather verificado"
12/09/2026,MOV-0184,HASS-0912,Salida,Veracruz,Puebla,Monterrey,0,462,0,9185,8723,29.4,28.4,30.3,74,2,8,Medio,"Despacho desde Puebla hacia Monterrey. Vigilar temperatura, rotacion del inventario y vida util del lote.",Revisar el lote y dar seguimiento al despacho dentro de la vida util estimada.,"Escenario didactico; temperaturas ilustrativas, no registro AccuWeather verificado"
12/09/2026,MOV-0185,HASS-0912,Merma,Veracruz,Puebla,Centro de distribucion Puebla,0,0,84,8723,8639,29.4,28.4,30.3,74,2,8,Medio,"Baja por dano, deterioro o vida util; documentar causa y lote. Vigilar temperatura, rotacion del inventario y vida util del lote.",Revisar el lote y dar seguimiento al despacho dentro de la vida util estimada.,"Escenario didactico; temperaturas ilustrativas, no registro AccuWeather verificado"
14/09/2026,MOV-0186,HASS-0914,Entrada,Veracruz,Puebla,Centro de distribucion Puebla,1643,0,0,8639,10282,30.6,28.9,31.4,78,3,7,Medio,"Recepcion procedente de Veracruz; inspeccionar lote y temperatura. Vigilar temperatura, rotacion del inventario y vida util del lote.",Revisar el lote y dar seguimiento al despacho dentro de la vida util estimada.,"Escenario didactico; temperaturas ilustrativas, no registro AccuWeather verificado"
14/09/2026,MOV-0187,HASS-0914,Salida,Veracruz,Puebla,Ciudad de Mexico,0,528,0,10282,9754,30.6,28.9,31.4,78,3,7,Medio,"Despacho desde Puebla hacia Ciudad de Mexico. Vigilar temperatura, rotacion del inventario y vida util del lote.",Revisar el lote y dar seguimiento al despacho dentro de la vida util estimada.,"Escenario didactico; temperaturas ilustrativas, no registro AccuWeather verificado"
14/09/2026,MOV-0188,HASS-0914,Salida,Veracruz,Puebla,Guadalajara,0,390,0,9754,9364,30.6,28.9,31.4,78,3,7,Medio,"Despacho desde Puebla hacia Guadalajara. Vigilar temperatura, rotacion del inventario y vida util del lote.",Revisar el lote y dar seguimiento al despacho dentro de la vida util estimada.,"Escenario didactico; temperaturas ilustrativas, no registro AccuWeather verificado"
14/09/2026,MOV-0189,HASS-0914,Salida,Veracruz,Puebla,Monterrey,0,432,0,9364,8932,30.6,28.9,31.4,78,3,7,Medio,"Despacho desde Puebla hacia Monterrey. Vigilar temperatura, rotacion del inventario y vida util del lote.",Revisar el lote y dar seguimiento al despacho dentro de la vida util estimada.,"Escenario didactico; temperaturas ilustrativas, no registro AccuWeather verificado"
14/09/2026,MOV-0190,HASS-0914,Merma,Veracruz,Puebla,Centro de distribucion Puebla,0,0,81,8932,8851,30.6,28.9,31.4,78,3,7,Medio,"Baja por dano, deterioro o vida util; documentar causa y lote. Vigilar temperatura, rotacion del inventario y vida util del lote.",Revisar el lote y dar seguimiento al despacho dentro de la vida util estimada.,"Escenario didactico; temperaturas ilustrativas, no registro AccuWeather verificado"
15/09/2026,MOV-0191,HASS-0915,Entrada,Veracruz,Puebla,Centro de distribucion Puebla,1551,0,0,8851,10402,31.6,30.8,33.2,84,3,5,Alto,Recepcion procedente de Veracruz; inspeccionar lote y temperatura. Exposicion termica o merma elevada en el centro de distribucion.,"Priorizar inspeccion del lote, despacho y revision de almacenamiento.","Escenario didactico; temperaturas ilustrativas, no registro AccuWeather verificado"
15/09/2026,MOV-0192,HASS-0915,Salida,Veracruz,Puebla,Ciudad de Mexico,0,534,0,10402,9868,31.6,30.8,33.2,84,3,5,Alto,Despacho desde Puebla hacia Ciudad de Mexico. Exposicion termica o merma elevada en el centro de distribucion.,"Priorizar inspeccion del lote, despacho y revision de almacenamiento.","Escenario didactico; temperaturas ilustrativas, no registro AccuWeather verificado"
15/09/2026,MOV-0193,HASS-0915,Salida,Veracruz,Puebla,Guadalajara,0,449,0,9868,9419,31.6,30.8,33.2,84,3,5,Alto,Despacho desde Puebla hacia Guadalajara. Exposicion termica o merma elevada en el centro de distribucion.,"Priorizar inspeccion del lote, despacho y revision de almacenamiento.","Escenario didactico; temperaturas ilustrativas, no registro AccuWeather verificado"
15/09/2026,MOV-0194,HASS-0915,Salida,Veracruz,Puebla,Monterrey,0,562,0,9419,8857,31.6,30.8,33.2,84,3,5,Alto,Despacho desde Puebla hacia Monterrey. Exposicion termica o merma elevada en el centro de distribucion.,"Priorizar inspeccion del lote, despacho y revision de almacenamiento.","Escenario didactico; temperaturas ilustrativas, no registro AccuWeather verificado"
15/09/2026,MOV-0195,HASS-0915,Merma,Veracruz,Puebla,Centro de distribucion Puebla,0,0,119,8857,8738,31.6,30.8,33.2,84,3,5,Alto,"Baja por dano, deterioro o vida util; documentar causa y lote. Exposicion termica o merma elevada en el centro de distribucion.","Priorizar inspeccion del lote, despacho y revision de almacenamiento.","Escenario didactico; temperaturas ilustrativas, no registro AccuWeather verificado"
16/09/2026,MOV-0196,HASS-0916,Entrada,Veracruz,Puebla,Centro de distribucion Puebla,1682,0,0,8738,10420,33.9,28.1,31.2,87,2,8,Alto,Recepcion procedente de Veracruz; inspeccionar lote y temperatura. Exposicion termica o merma elevada en el centro de distribucion.,"Priorizar inspeccion del lote, despacho y revision de almacenamiento.","Escenario didactico; temperaturas ilustrativas, no registro AccuWeather verificado"
16/09/2026,MOV-0197,HASS-0916,Salida,Veracruz,Puebla,Ciudad de Mexico,0,430,0,10420,9990,33.9,28.1,31.2,87,2,8,Alto,Despacho desde Puebla hacia Ciudad de Mexico. Exposicion termica o merma elevada en el centro de distribucion.,"Priorizar inspeccion del lote, despacho y revision de almacenamiento.","Escenario didactico; temperaturas ilustrativas, no registro AccuWeather verificado"
16/09/2026,MOV-0198,HASS-0916,Salida,Veracruz,Puebla,Guadalajara,0,327,0,9990,9663,33.9,28.1,31.2,87,2,8,Alto,Despacho desde Puebla hacia Guadalajara. Exposicion termica o merma elevada en el centro de distribucion.,"Priorizar inspeccion del lote, despacho y revision de almacenamiento.","Escenario didactico; temperaturas ilustrativas, no registro AccuWeather verificado"
16/09/2026,MOV-0199,HASS-0916,Salida,Veracruz,Puebla,Monterrey,0,543,0,9663,9120,33.9,28.1,31.2,87,2,8,Alto,Despacho desde Puebla hacia Monterrey. Exposicion termica o merma elevada en el centro de distribucion.,"Priorizar inspeccion del lote, despacho y revision de almacenamiento.","Escenario didactico; temperaturas ilustrativas, no registro AccuWeather verificado"
16/09/2026,MOV-0200,HASS-0916,Merma,Veracruz,Puebla,Centro de distribucion Puebla,0,0,123,9120,8997,33.9,28.1,31.2,87,2,8,Alto,"Baja por dano, deterioro o vida util; documentar causa y lote. Exposicion termica o merma elevada en el centro de distribucion.","Priorizar inspeccion del lote, despacho y revision de almacenamiento.","Escenario didactico; temperaturas ilustrativas, no registro AccuWeather verificado"
17/09/2026,MOV-0201,HASS-0917,Entrada,Veracruz,Puebla,Centro de distribucion Puebla,1847,0,0,8997,10844,33.2,29.9,28.4,85,2,7,Medio,"Recepcion procedente de Veracruz; inspeccionar lote y temperatura. Vigilar temperatura, rotacion del inventario y vida util del lote.",Revisar el lote y dar seguimiento al despacho dentro de la vida util estimada.,"Escenario didactico; temperaturas ilustrativas, no registro AccuWeather verificado"
17/09/2026,MOV-0202,HASS-0917,Salida,Veracruz,Puebla,Ciudad de Mexico,0,448,0,10844,10396,33.2,29.9,28.4,85,2,7,Medio,"Despacho desde Puebla hacia Ciudad de Mexico. Vigilar temperatura, rotacion del inventario y vida util del lote.",Revisar el lote y dar seguimiento al despacho dentro de la vida util estimada.,"Escenario didactico; temperaturas ilustrativas, no registro AccuWeather verificado"
17/09/2026,MOV-0203,HASS-0917,Salida,Veracruz,Puebla,Guadalajara,0,385,0,10396,10011,33.2,29.9,28.4,85,2,7,Medio,"Despacho desde Puebla hacia Guadalajara. Vigilar temperatura, rotacion del inventario y vida util del lote.",Revisar el lote y dar seguimiento al despacho dentro de la vida util estimada.,"Escenario didactico; temperaturas ilustrativas, no registro AccuWeather verificado"
17/09/2026,MOV-0204,HASS-0917,Salida,Veracruz,Puebla,Monterrey,0,534,0,10011,9477,33.2,29.9,28.4,85,2,7,Medio,"Despacho desde Puebla hacia Monterrey. Vigilar temperatura, rotacion del inventario y vida util del lote.",Revisar el lote y dar seguimiento al despacho dentro de la vida util estimada.,"Escenario didactico; temperaturas ilustrativas, no registro AccuWeather verificado"
17/09/2026,MOV-0205,HASS-0917,Merma,Veracruz,Puebla,Centro de distribucion Puebla,0,0,40,9477,9437,33.2,29.9,28.4,85,2,7,Medio,"Baja por dano, deterioro o vida util; documentar causa y lote. Vigilar temperatura, rotacion del inventario y vida util del lote.",Revisar el lote y dar seguimiento al despacho dentro de la vida util estimada.,"Escenario didactico; temperaturas ilustrativas, no registro AccuWeather verificado"
18/09/2026,MOV-0206,HASS-0918,Entrada,Veracruz,Puebla,Centro de distribucion Puebla,1769,0,0,9437,11206,33.1,31.9,32,80,3,5,Alto,Recepcion procedente de Veracruz; inspeccionar lote y temperatura. Exposicion termica o merma elevada en el centro de distribucion.,"Priorizar inspeccion del lote, despacho y revision de almacenamiento.","Escenario didactico; temperaturas ilustrativas, no registro AccuWeather verificado"
18/09/2026,MOV-0207,HASS-0918,Salida,Veracruz,Puebla,Ciudad de Mexico,0,391,0,11206,10815,33.1,31.9,32,80,3,5,Alto,Despacho desde Puebla hacia Ciudad de Mexico. Exposicion termica o merma elevada en el centro de distribucion.,"Priorizar inspeccion del lote, despacho y revision de almacenamiento.","Escenario didactico; temperaturas ilustrativas, no registro AccuWeather verificado"
18/09/2026,MOV-0208,HASS-0918,Salida,Veracruz,Puebla,Guadalajara,0,398,0,10815,10417,33.1,31.9,32,80,3,5,Alto,Despacho desde Puebla hacia Guadalajara. Exposicion termica o merma elevada en el centro de distribucion.,"Priorizar inspeccion del lote, despacho y revision de almacenamiento.","Escenario didactico; temperaturas ilustrativas, no registro AccuWeather verificado"
18/09/2026,MOV-0209,HASS-0918,Salida,Veracruz,Puebla,Monterrey,0,473,0,10417,9944,33.1,31.9,32,80,3,5,Alto,Despacho desde Puebla hacia Monterrey. Exposicion termica o merma elevada en el centro de distribucion.,"Priorizar inspeccion del lote, despacho y revision de almacenamiento.","Escenario didactico; temperaturas ilustrativas, no registro AccuWeather verificado"
18/09/2026,MOV-0210,HASS-0918,Merma,Veracruz,Puebla,Centro de distribucion Puebla,0,0,40,9944,9904,33.1,31.9,32,80,3,5,Alto,"Baja por dano, deterioro o vida util; documentar causa y lote. Exposicion termica o merma elevada en el centro de distribucion.","Priorizar inspeccion del lote, despacho y revision de almacenamiento.","Escenario didactico; temperaturas ilustrativas, no registro AccuWeather verificado"
19/09/2026,MOV-0211,HASS-0919,Entrada,Veracruz,Puebla,Centro de distribucion Puebla,1762,0,0,9904,11666,31.4,27.8,32.6,66,3,7,Bajo,Recepcion procedente de Veracruz; inspeccionar lote y temperatura. Movimiento dentro del escenario operativo esperado.,"Mantener monitoreo y registrar entradas, salidas y existencias.","Escenario didactico; temperaturas ilustrativas, no registro AccuWeather verificado"
19/09/2026,MOV-0212,HASS-0919,Salida,Veracruz,Puebla,Ciudad de Mexico,0,490,0,11666,11176,31.4,27.8,32.6,66,3,7,Bajo,Despacho desde Puebla hacia Ciudad de Mexico. Movimiento dentro del escenario operativo esperado.,"Mantener monitoreo y registrar entradas, salidas y existencias.","Escenario didactico; temperaturas ilustrativas, no registro AccuWeather verificado"
19/09/2026,MOV-0213,HASS-0919,Salida,Veracruz,Puebla,Guadalajara,0,404,0,11176,10772,31.4,27.8,32.6,66,3,7,Bajo,Despacho desde Puebla hacia Guadalajara. Movimiento dentro del escenario operativo esperado.,"Mantener monitoreo y registrar entradas, salidas y existencias.","Escenario didactico; temperaturas ilustrativas, no registro AccuWeather verificado"
19/09/2026,MOV-0214,HASS-0919,Salida,Veracruz,Puebla,Monterrey,0,524,0,10772,10248,31.4,27.8,32.6,66,3,7,Bajo,Despacho desde Puebla hacia Monterrey. Movimiento dentro del escenario operativo esperado.,"Mantener monitoreo y registrar entradas, salidas y existencias.","Escenario didactico; temperaturas ilustrativas, no registro AccuWeather verificado"
19/09/2026,MOV-0215,HASS-0919,Merma,Veracruz,Puebla,Centro de distribucion Puebla,0,0,49,10248,10199,31.4,27.8,32.6,66,3,7,Bajo,"Baja por dano, deterioro o vida util; documentar causa y lote. Movimiento dentro del escenario operativo esperado.","Mantener monitoreo y registrar entradas, salidas y existencias.","Escenario didactico; temperaturas ilustrativas, no registro AccuWeather verificado"
21/09/2026,MOV-0216,HASS-0921,Entrada,Veracruz,Puebla,Centro de distribucion Puebla,1607,0,0,10199,11806,30.7,28.6,31.3,59,2,7,Bajo,Recepcion procedente de Veracruz; inspeccionar lote y temperatura. Movimiento dentro del escenario operativo esperado.,"Mantener monitoreo y registrar entradas, salidas y existencias.","Escenario didactico; temperaturas ilustrativas, no registro AccuWeather verificado"
21/09/2026,MOV-0217,HASS-0921,Salida,Veracruz,Puebla,Ciudad de Mexico,0,429,0,11806,11377,30.7,28.6,31.3,59,2,7,Bajo,Despacho desde Puebla hacia Ciudad de Mexico. Movimiento dentro del escenario operativo esperado.,"Mantener monitoreo y registrar entradas, salidas y existencias.","Escenario didactico; temperaturas ilustrativas, no registro AccuWeather verificado"
21/09/2026,MOV-0218,HASS-0921,Salida,Veracruz,Puebla,Guadalajara,0,329,0,11377,11048,30.7,28.6,31.3,59,2,7,Bajo,Despacho desde Puebla hacia Guadalajara. Movimiento dentro del escenario operativo esperado.,"Mantener monitoreo y registrar entradas, salidas y existencias.","Escenario didactico; temperaturas ilustrativas, no registro AccuWeather verificado"
21/09/2026,MOV-0219,HASS-0921,Salida,Veracruz,Puebla,Monterrey,0,433,0,11048,10615,30.7,28.6,31.3,59,2,7,Bajo,Despacho desde Puebla hacia Monterrey. Movimiento dentro del escenario operativo esperado.,"Mantener monitoreo y registrar entradas, salidas y existencias.","Escenario didactico; temperaturas ilustrativas, no registro AccuWeather verificado"
21/09/2026,MOV-0220,HASS-0921,Merma,Veracruz,Puebla,Centro de distribucion Puebla,0,0,71,10615,10544,30.7,28.6,31.3,59,2,7,Bajo,"Baja por dano, deterioro o vida util; documentar causa y lote. Movimiento dentro del escenario operativo esperado.","Mantener monitoreo y registrar entradas, salidas y existencias.","Escenario didactico; temperaturas ilustrativas, no registro AccuWeather verificado"
22/09/2026,MOV-0221,HASS-0922,Entrada,Veracruz,Puebla,Centro de distribucion Puebla,1669,0,0,10544,12213,32.9,29.4,33,76,1,7,Medio,"Recepcion procedente de Veracruz; inspeccionar lote y temperatura. Vigilar temperatura, rotacion del inventario y vida util del lote.",Revisar el lote y dar seguimiento al despacho dentro de la vida util estimada.,"Escenario didactico; temperaturas ilustrativas, no registro AccuWeather verificado"
22/09/2026,MOV-0222,HASS-0922,Salida,Veracruz,Puebla,Ciudad de Mexico,0,506,0,12213,11707,32.9,29.4,33,76,1,7,Medio,"Despacho desde Puebla hacia Ciudad de Mexico. Vigilar temperatura, rotacion del inventario y vida util del lote.",Revisar el lote y dar seguimiento al despacho dentro de la vida util estimada.,"Escenario didactico; temperaturas ilustrativas, no registro AccuWeather verificado"
22/09/2026,MOV-0223,HASS-0922,Salida,Veracruz,Puebla,Guadalajara,0,356,0,11707,11351,32.9,29.4,33,76,1,7,Medio,"Despacho desde Puebla hacia Guadalajara. Vigilar temperatura, rotacion del inventario y vida util del lote.",Revisar el lote y dar seguimiento al despacho dentro de la vida util estimada.,"Escenario didactico; temperaturas ilustrativas, no registro AccuWeather verificado"
22/09/2026,MOV-0224,HASS-0922,Salida,Veracruz,Puebla,Monterrey,0,524,0,11351,10827,32.9,29.4,33,76,1,7,Medio,"Despacho desde Puebla hacia Monterrey. Vigilar temperatura, rotacion del inventario y vida util del lote.",Revisar el lote y dar seguimiento al despacho dentro de la vida util estimada.,"Escenario didactico; temperaturas ilustrativas, no registro AccuWeather verificado"
22/09/2026,MOV-0225,HASS-0922,Merma,Veracruz,Puebla,Centro de distribucion Puebla,0,0,78,10827,10749,32.9,29.4,33,76,1,7,Medio,"Baja por dano, deterioro o vida util; documentar causa y lote. Vigilar temperatura, rotacion del inventario y vida util del lote.",Revisar el lote y dar seguimiento al despacho dentro de la vida util estimada.,"Escenario didactico; temperaturas ilustrativas, no registro AccuWeather verificado"
23/09/2026,MOV-0226,HASS-0923,Entrada,Veracruz,Puebla,Centro de distribucion Puebla,1847,0,0,10749,12596,30.4,29.8,30.6,79,3,6,Medio,"Recepcion procedente de Veracruz; inspeccionar lote y temperatura. Vigilar temperatura, rotacion del inventario y vida util del lote.",Revisar el lote y dar seguimiento al despacho dentro de la vida util estimada.,"Escenario didactico; temperaturas ilustrativas, no registro AccuWeather verificado"
23/09/2026,MOV-0227,HASS-0923,Salida,Veracruz,Puebla,Ciudad de Mexico,0,476,0,12596,12120,30.4,29.8,30.6,79,3,6,Medio,"Despacho desde Puebla hacia Ciudad de Mexico. Vigilar temperatura, rotacion del inventario y vida util del lote.",Revisar el lote y dar seguimiento al despacho dentro de la vida util estimada.,"Escenario didactico; temperaturas ilustrativas, no registro AccuWeather verificado"
23/09/2026,MOV-0228,HASS-0923,Salida,Veracruz,Puebla,Guadalajara,0,403,0,12120,11717,30.4,29.8,30.6,79,3,6,Medio,"Despacho desde Puebla hacia Guadalajara. Vigilar temperatura, rotacion del inventario y vida util del lote.",Revisar el lote y dar seguimiento al despacho dentro de la vida util estimada.,"Escenario didactico; temperaturas ilustrativas, no registro AccuWeather verificado"
23/09/2026,MOV-0229,HASS-0923,Salida,Veracruz,Puebla,Monterrey,0,439,0,11717,11278,30.4,29.8,30.6,79,3,6,Medio,"Despacho desde Puebla hacia Monterrey. Vigilar temperatura, rotacion del inventario y vida util del lote.",Revisar el lote y dar seguimiento al despacho dentro de la vida util estimada.,"Escenario didactico; temperaturas ilustrativas, no registro AccuWeather verificado"
23/09/2026,MOV-0230,HASS-0923,Merma,Veracruz,Puebla,Centro de distribucion Puebla,0,0,55,11278,11223,30.4,29.8,30.6,79,3,6,Medio,"Baja por dano, deterioro o vida util; documentar causa y lote. Vigilar temperatura, rotacion del inventario y vida util del lote.",Revisar el lote y dar seguimiento al despacho dentro de la vida util estimada.,"Escenario didactico; temperaturas ilustrativas, no registro AccuWeather verificado"
24/09/2026,MOV-0231,HASS-0924,Entrada,Veracruz,Puebla,Centro de distribucion Puebla,1785,0,0,11223,13008,31.4,31.1,28.2,79,3,6,Alto,Recepcion procedente de Veracruz; inspeccionar lote y temperatura. Exposicion termica o merma elevada en el centro de distribucion.,"Priorizar inspeccion del lote, despacho y revision de almacenamiento.","Escenario didactico; temperaturas ilustrativas, no registro AccuWeather verificado"
24/09/2026,MOV-0232,HASS-0924,Salida,Veracruz,Puebla,Ciudad de Mexico,0,454,0,13008,12554,31.4,31.1,28.2,79,3,6,Alto,Despacho desde Puebla hacia Ciudad de Mexico. Exposicion termica o merma elevada en el centro de distribucion.,"Priorizar inspeccion del lote, despacho y revision de almacenamiento.","Escenario didactico; temperaturas ilustrativas, no registro AccuWeather verificado"
24/09/2026,MOV-0233,HASS-0924,Salida,Veracruz,Puebla,Guadalajara,0,407,0,12554,12147,31.4,31.1,28.2,79,3,6,Alto,Despacho desde Puebla hacia Guadalajara. Exposicion termica o merma elevada en el centro de distribucion.,"Priorizar inspeccion del lote, despacho y revision de almacenamiento.","Escenario didactico; temperaturas ilustrativas, no registro AccuWeather verificado"
24/09/2026,MOV-0234,HASS-0924,Salida,Veracruz,Puebla,Monterrey,0,486,0,12147,11661,31.4,31.1,28.2,79,3,6,Alto,Despacho desde Puebla hacia Monterrey. Exposicion termica o merma elevada en el centro de distribucion.,"Priorizar inspeccion del lote, despacho y revision de almacenamiento.","Escenario didactico; temperaturas ilustrativas, no registro AccuWeather verificado"
24/09/2026,MOV-0235,HASS-0924,Merma,Veracruz,Puebla,Centro de distribucion Puebla,0,0,70,11661,11591,31.4,31.1,28.2,79,3,6,Alto,"Baja por dano, deterioro o vida util; documentar causa y lote. Exposicion termica o merma elevada en el centro de distribucion.","Priorizar inspeccion del lote, despacho y revision de almacenamiento.","Escenario didactico; temperaturas ilustrativas, no registro AccuWeather verificado"
25/09/2026,MOV-0236,HASS-0925,Entrada,Veracruz,Puebla,Centro de distribucion Puebla,1498,0,0,11591,13089,31.1,29.4,28.3,60,1,8,Alto,Recepcion procedente de Veracruz; inspeccionar lote y temperatura. Exposicion termica o merma elevada en el centro de distribucion.,"Priorizar inspeccion del lote, despacho y revision de almacenamiento.","Escenario didactico; temperaturas ilustrativas, no registro AccuWeather verificado"
25/09/2026,MOV-0237,HASS-0925,Salida,Veracruz,Puebla,Ciudad de Mexico,0,413,0,13089,12676,31.1,29.4,28.3,60,1,8,Alto,Despacho desde Puebla hacia Ciudad de Mexico. Exposicion termica o merma elevada en el centro de distribucion.,"Priorizar inspeccion del lote, despacho y revision de almacenamiento.","Escenario didactico; temperaturas ilustrativas, no registro AccuWeather verificado"
25/09/2026,MOV-0238,HASS-0925,Salida,Veracruz,Puebla,Guadalajara,0,451,0,12676,12225,31.1,29.4,28.3,60,1,8,Alto,Despacho desde Puebla hacia Guadalajara. Exposicion termica o merma elevada en el centro de distribucion.,"Priorizar inspeccion del lote, despacho y revision de almacenamiento.","Escenario didactico; temperaturas ilustrativas, no registro AccuWeather verificado"
25/09/2026,MOV-0239,HASS-0925,Salida,Veracruz,Puebla,Monterrey,0,558,0,12225,11667,31.1,29.4,28.3,60,1,8,Alto,Despacho desde Puebla hacia Monterrey. Exposicion termica o merma elevada en el centro de distribucion.,"Priorizar inspeccion del lote, despacho y revision de almacenamiento.","Escenario didactico; temperaturas ilustrativas, no registro AccuWeather verificado"
25/09/2026,MOV-0240,HASS-0925,Merma,Veracruz,Puebla,Centro de distribucion Puebla,0,0,119,11667,11548,31.1,29.4,28.3,60,1,8,Alto,"Baja por dano, deterioro o vida util; documentar causa y lote. Exposicion termica o merma elevada en el centro de distribucion.","Priorizar inspeccion del lote, despacho y revision de almacenamiento.","Escenario didactico; temperaturas ilustrativas, no registro AccuWeather verificado"
26/09/2026,MOV-0241,HASS-0926,Entrada,Veracruz,Puebla,Centro de distribucion Puebla,1743,0,0,11548,13291,29.9,32,32.6,69,1,4,Alto,Recepcion procedente de Veracruz; inspeccionar lote y temperatura. Exposicion termica o merma elevada en el centro de distribucion.,"Priorizar inspeccion del lote, despacho y revision de almacenamiento.","Escenario didactico; temperaturas ilustrativas, no registro AccuWeather verificado"
26/09/2026,MOV-0242,HASS-0926,Salida,Veracruz,Puebla,Ciudad de Mexico,0,525,0,13291,12766,29.9,32,32.6,69,1,4,Alto,Despacho desde Puebla hacia Ciudad de Mexico. Exposicion termica o merma elevada en el centro de distribucion.,"Priorizar inspeccion del lote, despacho y revision de almacenamiento.","Escenario didactico; temperaturas ilustrativas, no registro AccuWeather verificado"
26/09/2026,MOV-0243,HASS-0926,Salida,Veracruz,Puebla,Guadalajara,0,465,0,12766,12301,29.9,32,32.6,69,1,4,Alto,Despacho desde Puebla hacia Guadalajara. Exposicion termica o merma elevada en el centro de distribucion.,"Priorizar inspeccion del lote, despacho y revision de almacenamiento.","Escenario didactico; temperaturas ilustrativas, no registro AccuWeather verificado"
26/09/2026,MOV-0244,HASS-0926,Salida,Veracruz,Puebla,Monterrey,0,485,0,12301,11816,29.9,32,32.6,69,1,4,Alto,Despacho desde Puebla hacia Monterrey. Exposicion termica o merma elevada en el centro de distribucion.,"Priorizar inspeccion del lote, despacho y revision de almacenamiento.","Escenario didactico; temperaturas ilustrativas, no registro AccuWeather verificado"
26/09/2026,MOV-0245,HASS-0926,Merma,Veracruz,Puebla,Centro de distribucion Puebla,0,0,64,11816,11752,29.9,32,32.6,69,1,4,Alto,"Baja por dano, deterioro o vida util; documentar causa y lote. Exposicion termica o merma elevada en el centro de distribucion.","Priorizar inspeccion del lote, despacho y revision de almacenamiento.","Escenario didactico; temperaturas ilustrativas, no registro AccuWeather verificado"
